UPC,ISRC,Store,Store service,Sales/streams,Gross Royalties (USD)
,CALVP1903197,ITunes,iTunes Store,117,71.4672797990570610014706929240
628810561599,QM24S1916116,GooglePlay,Google Play Locker,6,0.0008737722560721201837614880
672985397491,CAENV2043858,Saavn,Saavn,497,0.7868890453026960039024509291
,CAGOO2068468,ITunes,iTunes Store,7,2.0930381188658172483683191414
628810965274,CALVP2002252,Amazon,Music Premium Service,278,4.8092124213002723555298054919
,CAHQJ2184062,ITunes,iTunes Store,12,8.1831373102416594186873209926
628810561599,QM24S1916116,Pandora,Pandora,1,0.0034472358252868605203563861
692531021106,CAGOO2100165,TikTok,Streaming,2,0.0038092620905471457955417651
672985850156,CAHQJ2197917,Kuwo,Streaming,1,0.0001521332696145638265236843
672985183742,CACWV2018984,Rhapsody,Streaming,4,0.0235777343414781789246864880
672985631182,USLZJ1888276,QQMusic,Streaming,9113559,5432.1127312272851641269946839042
628810561858,QM24S1913190,QQMusic,Streaming,345,0.3477078523721549610585063108
672985370258,CAENV2030178,GooglePlay,Google Play Download Store,1,0.0907742436136925610246319645
672985702912,CAHQJ2106266,QQMusic,Streaming,5,0.0041543657118071623994902497
672985382008,CAENV2037366,Anghami,Streaming,35,0.0405411775877267882140120957
672985559677,CAGOO2044001,OK.ru,OK.ru,10,0.0022702044836728907049938611
672985598324,CAGOO2068468,Netease,Netease,1965,0.9478161981444933946633441771
628810561544,QM24S1920887,Resso,Streaming,33,0.0373303859634336358419072512
,CALVP2053160,ITunes,Apple Music,3361,12.1302286317239845940015904856
672985491366,CAGOO2006319,Resso,Streaming,29,0.0332735712107888411404431210
628810742141,CAHQJ1951322,YouTube,Streaming,2934,18.8664393360111450254869662577
628810560813,QM24S1906868,Tidal,Tidal,37,0.3497258576694472339550329277
672985829381,CAHQJ2184062,KKBox,Kkbox,18,0.0648632049740656580940206066
628810528974,CAGOO1942139,Rhapsody,Streaming,212,1.1766989069600380475764735859
628810528974,CAGOO1942139,Boomplay,Streaming,83,0.0958245763872852752235940084
628810612284,CAGOO1984027,Netease,Netease,1793,1.1245554179268768796171978019
672985370258,CAENV2030178,Amazon,Music Premium Service,101,0.7702920842311498705478013597
672985702912,CAHQJ2106266,YouTube,Content ID,17,0.1104731213601946410486967138
672985453845,CAENV2080948,Netease,Netease,771,0.4016802437710208557884469946
672985854369,CAENV2101722,Tidal,Tidal,39,0.3657863197014300178357553058
672985105386,CALVP2073121,Netease,Netease,97,0.0229307380554068933262352374
672985545014,CAGOO2036067,OK.ru,OK.ru,1,0.0002722025632897751645201452
672985929517,CAENV2149514,BOOM App UMA,BOOM App UMA,550,0.7064739413342056142079506239
672985083943,CALVP2062669,TDC Play Musik,Streaming,25,0.1532535447874402469201667657
672985609693,CAGOO2074915,VKontakte,VKontakte,116441,30.5303052415271911989358721601
672985861015,CAENV2106588,BOOM App UMA,BOOM App UMA,162,0.1976457520115423280911843934
628810909476,CALVP1934369,YouTube,Content ID,1155,4.5307042530620130630822362596
628810965274,CALVP2002252,SoundtrackYourBrand,Streaming,6,0.0054390482025774204751346791
628810699889,CAHQJ1930439,GooglePlay,Google Play Download Store,1,0.6051337149507070469909989001
,CAHQJ2147168,ITunes,iTunes Match,54,0.0397874894747606678445624012
672985954885,CAENV2164647,YouTube,Content ID,14,0.0159341094749114196132992633
628810943173,CALVP1951456,Rhapsody,Streaming,191,0.7811112462923259337792191677
672985020382,CALVP2025588,Deezer,Deezer,3115,13.5962700338027893230472130580
628810561810,QM24S1919430,IHeartRadio,IHeartRadio,4,0.0640604579090491271399714563
,CAHQJ2128297,ITunes,iTunes Match,11,0.0029295753282964565195827391
672985705159,CAHQJ2107431,Rhapsody,Streaming,16,0.0829049567524170881787281148
672985261242,CACWV2063398,YouTube,Content ID,1905,3.2250886228360471950774451248
628810846559,CALVP1903197,GooglePlay,Google Play Locker,489,0.1067186999067573548670362816
628810560813,QM24S1906868,Kuwo,Streaming,24,0.0138533831532356676555412839
692531089960,CAGOO2136880,YouTube,Content ID,3,0.0084649362831926403185317543
628810560851,QM24S1826608,IMusica,Streaming,4,0.0228497336403358551526459332
628810965274,CALVP2002252,QQMusic,Streaming,503,0.3499427492300614075447185007
,CAHQJ1951322,ITunes,Apple Music,16258,108.0282129124198056686504594789
672985397491,CAENV2043858,Kuwo,Streaming,1,0.0001521332696145638265236843
672985781016,CAHQJ2153230,Spotify,Spotify,135001,370.7543302978648143639455193340
672985705159,CAHQJ2107431,YouTube,Streaming,2801,13.5787478055970718738004868401
628810560813,,Amazon,Digital Music Store,1,0.6967890014695645448217186171
,CAHQJ2016754,ITunes,Apple Music,493,2.9176942738155888506022531204
628810561544,QM24S1920887,Spotify,Spotify,9489,26.4026375070471327981743501482
628810561858,QM24S1913190,GooglePlay,Google Play Music Streaming,226,1.2546794061080670848672629746
672985382947,CAENV2037872,TikTok,Streaming,23,0.0412617886246691912553624707
,CACWV2063398,ITunes,iTunes Match,72,0.0202350856451725083149996272
628810943173,CALVP1951456,GooglePlay,Google Play Locker,7,0.0026286329753825132950606924
628810477371,CAGOO1916989,Deezer,Deezer,1129,7.3866449409564480491433387021
672985491366,CAGOO2006319,Saavn,Saavn,8,0.0200520532262055485807878382
672985954885,CAENV2164647,Netease,Netease,2,0.0002593051518226055791540094
672985609693,CAGOO2074915,Yandex,Streaming,665,1.1485439266274193160467008777
628810561513,QM24S1915972,Deezer,Deezer,988,3.0657192202581265824713650610
628810534401,QM24S1831517,Saavn,Saavn,9,0.0164700368863885408519426073
628810909476,CALVP1934369,Yandex,Streaming,1195,1.9473075119750235384236517653
628810933068,CALVP1946334,VKontakte,VKontakte,541,0.0617436307739324696399796320
692531247810,CACWV2122094,QQMusic,Streaming,32,0.0424440826273510216995561213
692531139849,CAGOO2163741,YouTube,Streaming,1,0.0135646098860637478988956438
628810561513,QM24S1915972,Boomplay,Streaming,30,0.0093715970483681792509962857
672985770416,CAHQJ2147168,TikTok,Streaming,40,0.0872634778852134312115311119
672985631182,USLZJ1888276,IMusica,Streaming,81,0.8102253581706856343095124782
,USLZJ1888276,ITunes,Apple Music,1645733,8130.7686900932211419558303984712
672985861015,CAENV2106588,YouTube,Streaming,276,1.1156140920111461251332610319
672985974739,CAENV2176626,Netease,Netease,991,0.6837436177080195017031489901
672985093942,CALVP2068437,YouTube,Streaming,120,0.8273924430676951499628400329
672985702912,CAHQJ2106266,Tidal,Tidal,16,0.0904931425543875970828605614
628810560813,QM24S1906868,YouTube,Streaming,11652,55.6887181351910592779558365761
672985799073,CAHQJ2165143,Kuwo,Streaming,1,0.0021585154289220902136202828
628810612284,CAGOO1984027,Tidal,Tidal,295,1.6701235521806219140138410517
672985722880,CAHQJ2117718,Anghami,Streaming,1598,1.8520359722135448389420640280
692531080790,CAGOO2132230,YouTube,Content ID,473,0.5406694859759298455426577338
672985382008,CAENV2037366,VKontakte,VKontakte,1121,0.1854362796779536001091176137
628810560813,QM24S1906868,OK.ru,OK.ru,16,0.0035571768109694991187839808
628810534401,QM24S1831517,MediaNet,Streaming,30,0.0598868817848468062636238772
672985678217,CAHQJ2016754,BOOM App UMA,BOOM App UMA,51,0.0650252159448373987847248259
628810528974,CAGOO1942139,Amazon,Music Premium Service,20523,66.9583342498383925770115179555
672985581159,CAGOO2057827,Kugou,Streaming,7,0.0010461295180283950515053680
672985637429,CAGOO2091608,Resso,Streaming,42,0.0470642814008568713011446889
672985954885,CAENV2139579,BOOM App UMA,BOOM App UMA,19,0.0289317933235930015945326598
,CAGOO2068468,ITunes,Apple Music,1577,6.6201960746070211804952837501
672985020382,CALVP2025588,Anghami,Streaming,204,0.1172509750285266511374148650
628810742264,CAHQJ1951349,GooglePlay,Google Play Locker,92,0.0305676268965583412372668141
628810612284,CAGOO1984027,TikTok,Streaming,53,0.0881019677368804290961900412
628810561599,QM24S1916116,Rhapsody,Streaming,1,0.0054404570895762235625076717
672985770416,CAHQJ2147168,YouTube,Streaming,5583,38.8456696061391444502412773093
,CAGOO2106771,ITunes,iTunes Store,9,6.5650285766921234043521673911
628810560875,QM24S1904071,Kugou,Streaming,8,0.0056671679780362459665501454
628810528974,CAGOO1942139,KKBox,Kkbox,215,0.9856591591222876421687356787
672985183742,CACWV2018984,Deezer,Deezer,1656,6.1498253541216809938101970055
672985954885,CAENV2164647,VKontakte,VKontakte,70,0.0219772142909130002997294775
672985020382,CALVP2025588,Spotify,Spotify,483737,1119.4957904038979040654117273341
672985093942,CALVP2068437,Netease,Netease,42,0.0065132986790697634060706347
628810561513,QM24S1915972,Anghami,Streaming,60,0.0304939170789962552362658672
672985102477,CALVP2073075,Yandex,Streaming,216,0.1747967702575302512371807418
672985383128,CAENV2038021,Deezer,Deezer,254,0.8589052856787210354600317640
628810561513,QM24S1915972,Kuwo,Streaming,74,0.0448086002240131955449348489
672985631182,USLZJ1888276,BOOM App UMA,BOOM App UMA,2723870,3229.4110502419286903895172227852
672985581159,CAGOO2057827,YouTube,Streaming,2631,18.3367487433963172652235491080
672985382947,CAENV2037872,Kuwo,Streaming,1,0.0001521332065661061050354316
672985609693,CAGOO2074915,Anghami,Streaming,9,0.0091817516510541145996377203
672985545014,CAGOO2036067,TDC Play Musik,Streaming,5,0.0297269172397948820773440207
672985491366,CAGOO2006319,IMusica,Streaming,1,0.0038994944158882081781692929
672985491366,CAGOO2006319,VKontakte,VKontakte,67216,11.6134118934695190251886390984
628810561513,QM24S1915972,Spotify,Spotify,63270,174.4345964121551779096133743970
672985383128,CAENV2038021,Tidal,Tidal,95,0.4681907801833251757677667638
628810561513,QM24S1915972,SoundtrackYourBrand,Streaming,9,0.0073518200573823261569580153
672985581159,CAGOO2057827,TikTok,Streaming,2,0.0024146621615997198433568610
628810742264,CAHQJ1951349,GooglePlay,Google Play Download Store,1,0.6746096397632821646704917624
628810846559,CALVP1903197,SoundtrackYourBrand,Streaming,3,0.0025725066187933866472587863
628810534333,QM24S1910617,Line,Streaming,177,0.8054893804803765846084356259
672985183742,CACWV2018984,Tidal,Tidal,67,0.2385313199507667098041147401
672985954885,CAENV2164646,Spotify,Spotify,52754,130.0182350298192032359002504738
692531160546,CAGOO2175180,Yandex,Streaming,225,0.2785683446804895304859884007
,QM24S1913190,ITunes,iTunes Store,5,3.2771885730134799481630393875
672985912496,CAENV2139579,VKontakte,VKontakte,3,0.0009336683632168031205535192
672985722880,CAHQJ2117718,IMusica,Streaming,17,0.1836831974794829203930821570
672985637429,CAGOO2091608,YouTube,Streaming,96,0.7524525115086477241560301818
628810560851,QM24S1826608,Tidal,Tidal,526,3.2570998182319236107702155135
628810943173,,Amazon,Digital Music Store,2,1.3319764241821514640991321181
672985477858,CAENV2095149,BOOM App UMA,BOOM App UMA,1133,1.2162364949412756184396124916
672985678217,CAHQJ2016754,Netease,Netease,285,0.1137085580605297289561140011
628810560813,QM24S1906868,Deezer,Deezer,372,1.8440655273933927446559780096
692531139849,CAGOO2163741,TikTok,Streaming,2,0.0038618431424787958798649134
628810742264,CAHQJ1951349,Netease,Netease,2042,0.9929996562521590338187880107
672985491366,CAGOO2006319,OK.ru,OK.ru,62,0.0193536602654469532602123665
628810560806,QM24S1832184,Amazon,Music Premium Service,45680,708.1508821767635575449913540169
672985954885,CAHQJ2165143,Netease,Netease,1,0.0001322307532844795911694945
628810933068,CALVP1946334,Kugou,Streaming,46,0.0146613927673954969455125031
672985397491,CAENV2043858,IMusica,Streaming,1,0.0040273712004517955949748769
672985183742,CACWV2018984,OK.ru,OK.ru,52,0.0088413653449915976158536678
,CALVP2073121,ITunes,iTunes Store,11,7.9140099009841597504061082045
672985020382,,Amazon,Digital Music Store,1,0.6630118445755303393379001193
628810534357,QM24S1820062,OK.ru,OK.ru,114,0.0248032999746396852147475774
628810561810,QM24S1919430,YouTube,Streaming,692,5.7113598185334061776154097496
672985370258,CAENV2030178,KKBox,Kkbox,47,0.1883259008561112187037672207
628810534401,QM24S1831517,AWA,Awa,47,0.4758688579041061738996796173
672985382008,CAENV2037366,YouTube,Streaming,1690,11.6319783145266033665196436923
628810477371,CAGOO1916989,Boomplay,Streaming,4,0.0011841423363492701645165014
672985102477,CALVP2073075,QQMusic,Streaming,6,0.0064712608384066009250257271
628810560806,QM24S1832184,SevenDigital,Download,1,0.6608458148122838877349316890
,CALVP2002252,ITunes,Apple Music,6789,45.9985302485668618560050949759
628810561810,QM24S1919430,GooglePlay,Google Play Music Streaming,91,0.3564167261933534336716376178
672985678217,CAHQJ2016754,Spotify,Spotify,51166,140.5850324905529275440194075347
672985631182,USLZJ1888276,TDC Play Musik,Streaming,1463,8.8710527517270425933201287841
672985093942,CALVP2068437,MediaNet,Streaming,1,0.0021186148889245834498912404
,CAENV2043858,ITunes,iTunes Match,20,0.0119463272449534427466328387
672985007505,CALVP2020125,VKontakte,VKontakte,28741,2.0448820825694303536814267596
628810534425,QM24S1825227,YouTube,Streaming,1643,10.5607724787536906901795718020
628810842995,CALVP1902123,Amazon,Music Premium Service,1987,34.3906057145841903054721420220
672985929517,CAENV2149514,AWA,Awa,1,0.0088403182865727465744741571
672985722880,CAHQJ2117718,Kugou,Streaming,50339,23.3583367933977773279074230954
672985261242,CACWV2063398,TikTok,Streaming,943,1.8243153323666319332980210304
672985508989,CAGOO2015895,AWA,Awa,4,0.0377143083585043061074170319
628810561858,QM24S1913190,TDC Play Musik,Streaming,209,1.3638190057493156934900950112
628810561513,QM24S1915972,TikTok,Streaming,3,0.0065878599253956067250250967
628810534357,QM24S1820062,Rhapsody,Streaming,1,0.0046865651893361918463113736
672985929517,CAENV2149514,Amazon,Music Premium Service,72,1.0100429719454299543107481645
672985799073,CAHQJ2165143,Resso,Streaming,29,0.0255779600510487685571068172
672985929517,,Amazon,Digital Music Store,1,0.7058670599184172388726577367
672985382947,CAENV2037872,Deezer,Deezer,816,3.5978035263072752669378025694
628810560806,QM24S1832184,MediaNet,Streaming,9,0.0174178683330896086222629033
628810560813,QM24S1906868,Saavn,Saavn,8,0.0137098410482889429104790957
672985477858,CAENV2095149,Deezer,Deezer,196,0.7891982989084123079257354020
672985477858,CAENV2095149,Netease,Netease,56,0.0117223305096496039863913909
672985598324,CAGOO2068468,Amazon,Music Premium Service,26,0.2738635272632149763553371076
628810629831,CAGOO1993534,QQMusic,Streaming,448,0.3724884005616727864396706701
628810629831,CAGOO1993534,Amazon,Digital Music Store,1,0.6980762455986970852261933087
672985559677,CAGOO2044001,YouTube,Streaming,1638,8.6878265263997654047171354133
,CAGOO2106771,ITunes,Apple Music,2725,20.1463777076985554167717604535
628810612284,CAGOO1984027,TDC Play Musik,Streaming,2,0.0135065749564997326322580896
672985954885,CAENV2139579,YouTube,Content ID,18,0.0151163429728777842702251584
628810560875,QM24S1904071,IMusica,Streaming,1,0.0079002204445709070105551956
628810561513,QM24S1915972,YouTube,Content ID,197,0.5465157266079909719246249868
672985637429,CAGOO2091608,AWA,Awa,1,0.0034661691588705033073393391
628810560813,QM24S1906868,Xiami,Xiami,26,0.0035783288038552539047660552
628810477371,CAGOO1916989,AWA,Awa,1,0.0110412646717962544147955752
672985261242,CACWV2063398,BOOM App UMA,BOOM App UMA,48426,52.5020458681394482342604489567
672985508989,CAGOO2015895,YouTube,Streaming,2708,18.9733944780229877311117906043
628810560851,QM24S1826608,Kuwo,Streaming,4423,2.7088050425755335392568147741
672985678217,CAHQJ2016754,Yandex,Streaming,28,0.0453783066293985305959812742
628810742141,CAHQJ1951322,YouTube,Content ID,508,1.0640700220457652906477918623
628810560851,QM24S1826608,Saavn,Saavn,1,0.0010939805947968443566385107
672985850156,CAHQJ2197917,Yandex,Streaming,2,0.0038456483044567167767914125
628810612284,CAGOO1984027,Resso,Streaming,51,0.0453087416603418588902690312
628810933068,CALVP1946334,Resso,Streaming,35,0.0351960783487241415057775547
628810909476,CALVP1934369,AWA,Awa,19,0.2055046373033599094565997095
628810477371,CAGOO1916989,Amazon,Music Premium Service,160,1.9238869035111377173080945681
672985559677,CAGOO2044001,Saavn,Saavn,2,0.0019931666559068610690448891
672985861015,CAENV2106588,IMusica,Streaming,1,0.0037599399596748225459208419
,QM24S1920887,ITunes,iTunes Match,4,0.0028784699586837326620431979
,CAHQJ2107431,ITunes,iTunes Match,26,0.0028429577539737960930155616
628810742141,CAHQJ1951322,GooglePlay,Google Play Music Streaming,428,1.7758536066721937370230632898
628810742141,CAHQJ1951322,Amazon,Music Premium Service,886,12.5155733897221280872247456693
,CACWV2200649,ITunes,Apple Music,84,0.5338261274670169264999897054
672985954885,CAENV2139579,QQMusic,Streaming,2,0.0028159248722488130919497106
628810528974,CAGOO1942139,GooglePlay,Google Play Locker,812,0.2333385389047328871561423815
628810560875,QM24S1904071,Anghami,Streaming,1,0.0004644230443683414739352727
672985812512,CAHQJ2173685,YouTube,Streaming,4549,23.4746623926450719602484206468
628810560806,QM24S1832184,Xiami,Xiami,38,0.0051607419200411149009015566
672985370258,CAENV2030178,VKontakte,VKontakte,4072,0.6094000694962095170158441341
,CAHQJ2107431,ITunes,iTunes Store,14,2.8764077374861461020336565110
628810534425,QM24S1825227,Rhapsody,Streaming,5,0.0214363791478491608986823575
672985705159,CAHQJ2107431,Pandora,Pandora,3,0.0151882348687522251265193771
628810612284,CAGOO1984027,Line,Streaming,1,0.0023067071919299897090616100
628810943173,CALVP1951456,TikTok,Streaming,12,0.0179033780100456892773655428
672985850156,CAHQJ2197917,AWA,Awa,151,1.2550913616473002491134980429
692531021106,CAGOO2100165,YouTube,Content ID,52,0.1033294840359645271804008872
628810742264,CAHQJ1951349,Resso,Streaming,53,0.0581820342719740158604765285
628810561810,QM24S1919430,IMusica,Streaming,1,0.0245997475980990955113224663
628810909476,CALVP1934369,KKBox,Kkbox,192,0.7850730947554637425916866925
628810560875,QM24S1904071,Saavn,Saavn,4,0.0056070093487274538443353464
672985631182,USLZJ1888276,SoundtrackYourBrand,Streaming,119,0.0638278082937713121138847995
628810560813,QM24S1906868,Yandex,Streaming,163,0.2792677098418857519115446205
672985929517,CAENV2149514,YouTube,Streaming,764,5.5341368668699179900742952397
,CAENV2030178,ITunes,iTunes Match,7,0.0055554153549590149003649507
672985829381,CAHQJ2184062,YouTube,Streaming,3993,24.4164277128490908616523610618
,CAENV2164647,ITunes,Apple Music,263,1.3761256118018488738570954451
628810933068,CALVP1946334,Netease,Netease,945,0.5835524163513890605378104895
672985722880,CAHQJ2117718,Xiami,Xiami,11,0.0042296683603042628054265599
628810561810,QM24S1919430,Anghami,Streaming,6,0.0225573061129153362156648534
672985581159,CAGOO2057827,Rhapsody,Streaming,2,0.0087705781484798128257784788
628810561513,QM24S1915972,Netease,Netease,1693,0.7551534481090095718988047352
692531247810,CACWV2122094,Netease,Netease,68,0.0521740808036363652281149062
672985370258,CAENV2030178,Anghami,Streaming,34,0.0322058406274315055545813218
628810534333,QM24S1910617,Amazon,Music Premium Service,477,5.9999259857243969292941351367
,CAHQJ1930439,ITunes,iTunes Store,12,6.1205056566868126780048462331
672985705159,CAHQJ2107431,TDC Play Musik,Streaming,3,0.0178535543306669621288840900
692531149893,CAGOO2169181,Tidal,Tidal,7,0.0518061430305858042328892058
672985829381,CAHQJ2184062,YouTube,Content ID,630,1.2818312792427662812379864875
672985007505,CALVP2020125,YouTube,Streaming,2757,17.1139297761412127897702455171
628810560875,QM24S1904071,Spotify,Spotify,8251,23.9340113410891221647088240651
628810965274,CALVP2002252,Amazon,Digital Music Store,1,0.5915761786002749004548610619
628810842995,CALVP1902123,GooglePlay,Google Play Locker,251,0.0770423745458025346888290826
672985382008,CAENV2037366,Line,Streaming,27,0.2698891650987450856726716276
672985007505,CALVP2020125,BOOM App UMA,BOOM App UMA,8846,8.8730209962312036046946845301
672985705159,CAHQJ2107431,Yandex,Streaming,3900,6.0485397323322687835434883282
692531064653,CAGOO2122549,Netease,Netease,20,0.0118028771971828146033746404
628810943173,CALVP1951456,Pandora,Pandora,133,0.4486145202623662147971228564
628810933068,CALVP1946334,Line,Streaming,15,0.1375232609479869338761430410
672985770416,CAHQJ2147168,YouTube,Content ID,2589,3.7015222101460811482856577643
692531080790,CAGOO2132230,TikTok,Streaming,4,0.0080509370748059322898359233
672985861015,CAENV2106588,Amazon,Music Premium Service,49,0.4563121069042160484334811631
,QM24S1826608,ITunes,Apple Music,12774,80.3166159358344968324004146897
672985069411,CALVP2053160,Line,Streaming,55,0.2806343821091150256884499313
672985453845,CAENV2080948,Rhapsody,Streaming,15,0.0623245203731045457002854276
692531080790,CAGOO2132230,Spotify,Spotify,126809,337.0141931019948764923688261046
,CAHQJ2117718,ITunes,Apple Music,108581,569.5880537710933711910262143046
628810528974,CAGOO1942139,QQMusic,Streaming,45354,24.5793426901102438020154399635
,CALVP2068437,ITunes,iTunes Match,7,0.0051121964327153781543682136
672985598324,CAGOO2068468,Pandora,Pandora,3,0.0102706662288605342010168582
628810943173,CALVP1951456,GooglePlay,Google Play Music Streaming,61,0.5009339292211235543160524379
672985397491,CAENV2043858,Deezer,Deezer,584,2.3377550364574703564335057561
672985702912,CAHQJ2106266,BOOM App UMA,BOOM App UMA,1,0.0015221621878265311848189829
628810534357,QM24S1820062,TikTok,Streaming,68,0.1119415881382575426878838526
672985397491,CAENV2043858,OK.ru,OK.ru,8,0.0012894494333165744270971635
672985702912,CAHQJ2106266,Spotify,Spotify,90201,250.6481405874929536295573868252
628810909476,CALVP1934369,Spotify,Spotify,460193,1231.6268599210981880144849629008
672985722880,CAHQJ2117718,Saavn,Saavn,1540,1.9712763936215107254785102915
,QM24S1910617,ITunes,Apple Music,9370,53.9299710691911980522022711233
672985508989,CAGOO2015895,VKontakte,VKontakte,8557,1.1189761333420835488637154814
628810560851,QM24S1826608,MediaNet,Streaming,8,0.0189025576853815484132328244
628810742264,CAHQJ1951349,Spotify,Spotify,278192,811.5754066072633385862127702002
628810561513,QM24S1915972,GooglePlay,Google Play Locker,51,0.0141206494007326729751116239
672985383128,CAENV2038021,AWA,Awa,3,0.0265830890781500680862856714
672985453845,CAENV2080948,Yandex,Streaming,11151,14.6283028650901284182893993333
628810965274,CALVP2002252,Xiami,Xiami,3,0.0003986382785338952174244523
672985581159,CAGOO2057827,YouTube,Content ID,574,6.1273744242788199499334174573
692531089960,CAGOO2136880,OK.ru,OK.ru,1,0.0003060807864462964647333097
628810560851,QM24S1826608,SoundtrackYourBrand,Streaming,361,0.1810787995298097997514991236
672985722880,CAHQJ2117718,YouTube,Streaming,83533,437.9398302479806440751663209879
672985397491,CAENV2043858,SoundtrackYourBrand,Streaming,2,0.0017196719321989274168713236
672985954885,CAENV2164647,Deezer,Deezer,88,0.1665063570401082578993751316
628810560806,QM24S1832184,IMusica,Streaming,19,0.1972124065973629191660948108
628810561858,QM24S1913190,KKBox,Kkbox,89,0.3587187399118021089614236887
672985545014,CAGOO2036067,BOOM App UMA,BOOM App UMA,118,0.1535489333329474018364052631
,CALVP2025588,ITunes,Apple Music,14220,85.2978612236108219137075683445
692531021106,CAGOO2100165,Resso,Streaming,1,0.0010817187357184807711075983
672985083943,CALVP2062669,Netease,Netease,89467,59.7582213489066189886031552487
692531033765,CAGOO2106771,TikTok,Streaming,4,0.0082063560801748816786343492
,CALVP1934369,ITunes,iTunes Match,270,0.1665304225357402054130288407
628810846559,CALVP1903197,Saavn,Saavn,4400,5.6225836704452614372135470968
672985702912,CAHQJ2106266,Xiami,Xiami,3,0.0003845138572645694464126369
672985382947,CAENV2037872,Pandora,Pandora,3,0.0145762158055098573879538401
672985069411,CALVP2053160,VKontakte,VKontakte,31742,3.0649513490912316659924557157
672985912496,CAENV2139579,QQMusic,Streaming,4,0.0054619971843120705487739603
628810534401,QM24S1831517,Deezer,Deezer,482,1.5570059734250100692385103961
672985850156,CAHQJ2197917,Deezer,Deezer,72,0.3405731931406742673749267768
692531080790,CAGOO2132230,Amazon,Music Premium Service,169,2.7794728202778446273332634744
672985183742,CACWV2018984,Line,Streaming,28,0.2013857389341486146499196474
672985581159,CAGOO2057827,QQMusic,Streaming,183,0.1356883241817447827216118603
628810846559,CALVP1903197,Spotify,Spotify,1268630,3204.0775027252178465140063656246
672985382008,CAENV2037366,Deezer,Deezer,635,2.1167264647017217851213992120
628810909476,,Amazon,Digital Music Store,2,1.3621030095698355045314162359
672985382008,CAENV2037366,Saavn,Saavn,392,0.7134242420660334229937389882
628810909476,CALVP1934369,GooglePlay,Google Play Music Streaming,631,3.6281570859867590890562673694
672985740426,CAHQJ2128297,YouTube,Streaming,300,1.7453756018076524673988605365
672985882980,CAENV2119873,Resso,Streaming,338,0.1637362008643348626141989478
628810699889,CAHQJ1930439,TikTok,Streaming,248,0.4416018723730753623489931442
672985105386,CALVP2073121,Rhapsody,Streaming,1,0.0062274865639285545972948772
672985637429,CAGOO2091608,BOOM App UMA,BOOM App UMA,14,0.0168366337785312657565546670
628810561513,QM24S1915972,Yandex,Streaming,14433,19.6322957744811258839194435329
672985929517,CAENV2149514,KKBox,Kkbox,42,0.1297998421435104041890893401
672985397491,CAENV2043858,Anghami,Streaming,26,0.0126607956306562031248635677
672985105386,CALVP2073121,VKontakte,VKontakte,1324,0.0997989355725517295137720470
672985491366,CAGOO2006319,Spotify,Spotify,181995,508.5064143605012936972150720461
672985740426,CAHQJ2128297,Boomplay,Streaming,1,0.0002901701527389495853717059
,CAGOO2175180,ITunes,iTunes Store,1,0.7000000000000000000000000000
692531064653,CAGOO2122549,Amazon,Music Premium Service,13,0.0432161146306394216735570955
672985829381,CAHQJ2184062,Netease,Netease,129,0.1251730483818449724461047595
672985912496,CAENV2139579,Amazon,Music Premium Service,9,0.0906196306305669654041018871
672985453845,CAENV2080948,Resso,Streaming,66,0.0559480179823665438709593679
,QM24S1910617,ITunes,iTunes Match,64,0.0211065628553300827628829913
628810965274,CALVP2002252,YouTube,Content ID,556,1.9036481017683544475892754200
,CALVP1951456,ITunes,iTunes Match,32,0.0191982665048173475538116890
628810629831,CAGOO1993534,VKontakte,VKontakte,16642,0.7354146729722110771058047255
628810534425,QM24S1825227,Xiami,Xiami,2,0.0002409043506026244457195538
628810560875,QM24S1904071,KKBox,Kkbox,133,0.5804686263907260469989204254
672985102477,CALVP2073075,AWA,Awa,5,0.0476825065843058709839961546
672985954885,CAHQJ2165143,Amazon,Music Premium Service,6,0.0511108206691068809675268005
628810561544,QM24S1920887,Tidal,Tidal,10,0.0516481963668814171439975963
672985598324,CAGOO2068468,OK.ru,OK.ru,1,0.0003137937391352496183519262
628810560851,QM24S1826608,Spotify,Spotify,430641,1371.9938621678266247623612203623
628810560813,QM24S1906868,MediaNet,Streaming,64,0.1449504509112116834882073072
672985508989,CAGOO2015895,YouTube,Content ID,324,0.6728424458377040820059458964
628810846559,CALVP1903197,GooglePlay,Google Play Music Streaming,2043,10.7756847078036167049825212418
672985183742,CACWV2018984,VKontakte,VKontakte,25031,2.3614966843591347977750678247
692531021106,CAGOO2100165,QQMusic,Streaming,6,0.0033690928713267916831825894
,CAHQJ2197917,ITunes,Apple Music,943,5.7440696893188656991371231552
,CAENV2037366,ITunes,Apple Music,5449,29.2803030325550285810672363394
628810534401,QM24S1831517,TikTok,Streaming,3,0.0046728345226874583133954142
672985861015,CAENV2106588,Resso,Streaming,48,0.0456212330707022963748950071
672985453845,CAENV2080948,MediaNet,Streaming,1,0.0023538542356864841283239973
672985105386,CALVP2073121,YouTube,Streaming,1004,6.0926098708246603515871460912
672985929517,CAENV2149514,Netease,Netease,123952,75.8629880842674604481693435363
628810612284,CAGOO1984027,Yandex,Streaming,656,1.1207045784908109383577105327
628810561599,QM24S1916116,YouTube,Content ID,550,1.1344959174868631031730704390
628810842995,CALVP1902123,Amazon,Digital Music Store,3,1.8733999034429531199110801587
628810846559,CALVP1903197,Xiami,Xiami,236,0.0706921641681411491063243540
672985102477,CALVP2073075,Kuwo,Streaming,2,0.0022459076662057685808933975
628810846559,CALVP1903197,YouTube,Content ID,140795,111.9910074016282767767444583869
672985854369,CAENV2101722,TDC Play Musik,Streaming,1,0.0061492055716105754276827372
672985007505,CALVP2020125,Spotify,Spotify,265527,584.7885936977813758958713940248
672985083943,CALVP2062669,Resso,Streaming,66,0.0344821751587051218707831672
672985382008,CAENV2037366,Kugou,Streaming,3,0.0024433618183447398292189828
628810561858,QM24S1913190,VKontakte,VKontakte,5394,0.3348201289268305792691803141
692531160546,CAGOO2175180,AWA,Awa,12,0.0936378348098540847658288530
628810561810,QM24S1919430,YouTube,Content ID,99,0.4142625845163497468320293231
628810534357,QM24S1820062,Netease,Netease,103,0.0573561092450771164011228964
628810933068,CALVP1946334,Pandora,Pandora,9,0.0406815074357073410689132615
628810842995,CALVP1902123,TDC Play Musik,Streaming,156,0.9942859487029056892267884529
672985854369,CAENV2101722,YouTube,Content ID,134,0.4914487033953016238575034058
672985007505,CALVP2020125,Amazon,Music Premium Service,133,0.9727174834346442916934897964
672985083943,CALVP2062669,Tidal,Tidal,234,1.5704945272538190480242948202
,QM24S1915972,ITunes,Apple Music,4693,26.9181745245221783191302507398
,CAHQJ2173685,ITunes,iTunes Match,2,0.0016110583434207730018475112
672985477858,CAENV2095149,OK.ru,OK.ru,38,0.0049021459457299075900803707
692531225290,CACWV2110484,Netease,Netease,27,0.0131663161679957925887176572
672985069411,CALVP2053160,TDC Play Musik,Streaming,2,0.0132807364356013660886241875
628810560851,QM24S1826608,YouTube,Content ID,498,2.3306931681914858074647427100
628810528974,CAGOO1942139,TikTok,Streaming,778,1.4698386451222995281571313612
692531193681,CAGOO2193164,Tidal,Tidal,2,0.0150984096299426046370516764
628810561513,QM24S1915972,Tidal,Tidal,40,0.2834452361201910454546921300
628810561599,QM24S1916116,Resso,Streaming,10,0.0075326164706274660611685822
672985370258,CAENV2030178,GooglePlay,Google Play Music Streaming,1,0.0011132656799371266126940840
672985854369,CAENV2101722,Amazon,Music Premium Service,44,0.5527166048726690822123389677
,CAGOO1993534,ITunes,Apple Music,3060,18.4293845874898293223040981852
628810560806,QM24S1832184,Resso,Streaming,1297,1.0850343978470035703099906245
672985954885,CAENV2139579,Pandora,Pandora,4,0.0121102269897982665288262470
672985954885,CAENV2139579,Amazon,Music Premium Service,3,0.0228017966375128757430626807
628810561599,QM24S1916116,Kuwo,Streaming,1,0.0001521332065661061050354316
672985105386,CALVP2073121,TDC Play Musik,Streaming,1,0.0065766329061983115012460567
,CAGOO2122549,ITunes,iTunes Match,7,0.0066215234869908762610752245
,CAGOO1942139,ITunes,Apple Music,73793,435.8248100917601562186948629161
672985383128,CAENV2038021,Spotify,Spotify,105486,249.6077371055784398760312819451
672985861015,CAENV2106588,Netease,Netease,107,0.0966192407133980034322959516
,CALVP2073075,ITunes,iTunes Store,8,5.0547637040356040316087103253
628810560851,QM24S1826608,Anghami,Streaming,10,0.0107369815489494546788451435
672985151543,CACWV2000320,MediaNet,Streaming,19,0.0397802139561449465133390920
672985702912,CAHQJ2106266,YouTube,Streaming,78,0.4457427407096056589823216123
672985559677,CAGOO2044001,Rhapsody,Streaming,1,0.0044341682608792798679213362
628810534357,QM24S1820062,IHeartRadio,IHeartRadio,1,0.0141840011040545361278411828
672985637429,CAGOO2091608,Amazon,Music Premium Service,122,1.3109006776581813367681813181
672985261242,CACWV2063398,QQMusic,Streaming,289,0.1850377747116782338879716914
672985007505,CALVP2020125,Netease,Netease,987,0.3207567625258846374575949896
692531021106,CAGOO2100165,Spotify,Spotify,85709,218.4885842720503775142899830637
672985491366,CAGOO2006319,AWA,Awa,31,0.2632186864965995091094545814
692531225290,CACWV2110484,VKontakte,VKontakte,89,0.0274939194697948984273546582
628810560806,QM24S1832184,Amazon,Digital Music Store,53,36.2009884744412376927853323347
,CAENV2101722,ITunes,Apple Music,1257,7.2842338481877077094954310563
672985799073,CAHQJ2165143,Tidal,Tidal,3,0.0197803596361744571851820369
672985770416,CAHQJ2147168,BOOM App UMA,BOOM App UMA,1263,1.5658104195491322914036816339
672985598324,CAGOO2068468,Saavn,Saavn,1,0.0016992919861285480304045284
672985770416,CAHQJ2147168,Line,Streaming,3,0.0281421801351016825382364497
,CAENV2176626,ITunes,iTunes Store,9,5.9973088139417131203510904948
628810477371,CAGOO1916989,VKontakte,VKontakte,294,0.0167030953420593009967586943
692531160546,CAGOO2175180,TikTok,Streaming,1,0.0020603687550620824406478988
672985545014,CAGOO2036067,Saavn,Saavn,3,0.0045104477883465682847990808
672985854369,CAENV2101722,Spotify,Spotify,93458,276.2155237996723874009097456773
628810842995,CALVP1902123,GooglePlay,Google Play Download Store,3,2.6103258643714039154943716509
672985382008,CAENV2037366,BOOM App UMA,BOOM App UMA,488,0.6091458633315497506281573186
672985637429,CAGOO2091608,Yandex,Streaming,109,0.1210393071609706633898231995
628810842995,CALVP1902123,Resso,Streaming,31,0.0208891230984835944914097426
628810699889,CAHQJ1930439,Saavn,Saavn,2,0.0028442556735772193094913568
672985678217,CAHQJ2016754,Saavn,Saavn,1,0.0018670669903294532084558528
672985069411,CALVP2053160,YouTube,Content ID,620,0.9808721991751870855373575404
628810560813,QM24S1906868,TDC Play Musik,Streaming,40,0.2824054523425243493269628721
672985799073,CAHQJ2165143,VKontakte,VKontakte,273,0.0787625864916091418458739183
672985069411,CALVP2053160,YouTube,Streaming,644,4.5392967977894030638186077856
672985581159,CAGOO2057827,Yandex,Streaming,11,0.0201237524595526228987637657
628810560875,QM24S1904071,GooglePlay,Google Play Music Streaming,64,0.2527413101987740319851963641
,CAHQJ1951349,ITunes,Apple Music,14491,87.2985949998491841638415748197
672985559677,CAGOO2044001,Tidal,Tidal,18,0.0868950497712372312206414199
628810561858,QM24S1913190,IMusica,Streaming,1,0.0557582283690575883098057795
672985954885,CAENV2164647,OK.ru,OK.ru,1,0.0003137937391352496183519262
628810742264,CAHQJ1951349,KKBox,Kkbox,9,0.0539386635558945292460839559
672985631182,USLZJ1888276,Kuwo,Streaming,136310,63.8720923581786602168335790419
,CACWV2138839,ITunes,Apple Music,67,0.4156502574678877004609631256
672985069411,CALVP2053160,Yandex,Streaming,2664,3.8722050979961424873608630944
672985702912,CAHQJ2106266,Pandora,Pandora,11,0.0560791044531754308519641590
672985020382,CALVP2025588,AWA,Awa,1,0.0037082352082064932337167885
628810842995,CALVP1902123,Yandex,Streaming,373,0.6020063016106007951383989301
,CAHQJ2106266,ITunes,iTunes Match,6,0.0039525860751394661786034308
672985261242,CACWV2063398,SoundtrackYourBrand,Streaming,5,0.0047684747489169729648608248
628810560851,QM24S1826608,OK.ru,OK.ru,4,0.0000256960738392854646592028
672985912496,CAENV2139579,Deezer,Deezer,20,0.0716044174727243642760640738
,QM24S1831517,ITunes,iTunes Store,6,3.9729867027665970655981321267
628810943173,CALVP1951456,Resso,Streaming,186,0.1457712485029871384281897585
672985261242,CACWV2063398,Amazon,Music Premium Service,476,7.2330744584782532204329584732
672985631182,USLZJ1888276,Amazon,Digital Music Store,26,18.1550459772065601830596064071
672985083943,CALVP2062669,Yandex,Streaming,17799,25.5260858501420153997906784472
672985020382,CALVP2025588,YouTube,Streaming,3511,24.4127044419470796115713071257
672985722880,CAHQJ2117718,YouTube,Content ID,89031,41.9134537617512456473353153280
,CAGOO1916989,ITunes,iTunes Match,69,0.0378566094480841038973107997
628810561544,QM24S1920887,IMusica,Streaming,1,0.0038051944005542544932316710
672985382008,CAENV2037366,Tidal,Tidal,29,0.1154600222896935494176840795
672985598324,CAGOO2068468,Xiami,Xiami,1,0.0001281717222471346580542097
628810699889,CAHQJ1930439,Pandora,Pandora,8,0.0100991344327446183815897533
628810965274,CALVP2002252,Boomplay,Streaming,48,0.0545635208247669618839715141
628810561858,QM24S1913190,BOOM App UMA,BOOM App UMA,2101,2.4417598306902777300682025855
672985102477,CALVP2073075,MediaNet,Streaming,57,0.1285399216655412473304508087
,CAHQJ2153230,ITunes,iTunes Store,7,4.8507725489315030442410638606
672985609693,CAGOO2074915,YouTube,Streaming,3000,19.0911357345904274279950926194
672985581159,CAGOO2057827,Anghami,Streaming,13,0.0353727790749129927433618425
692531089960,CAGOO2136880,Spotify,Spotify,50692,122.4353516968231613874196613643
672985974739,CAENV2176626,Kugou,Streaming,10,0.0034459446684909682464899398
692531089960,CAGOO2136880,Resso,Streaming,20,0.0233168044631934770364121867
628810561513,QM24S1915972,Saavn,Saavn,302,0.4277511841134983912968851694
628810528974,CAGOO1942139,Kugou,Streaming,759,0.1704337886435958252706675609
672985559677,CAGOO2044001,Spotify,Spotify,160486,337.8425693018628070273171134603
672985854369,CAENV2101722,VKontakte,VKontakte,251,0.0709465394163591277652694609
628810842995,CALVP1902123,Tidal,Tidal,328,2.0642278649702642530849359110
672985397491,CAENV2043858,MediaNet,Streaming,5,0.0121195493590111870709753716
672985093942,CALVP2068437,Spotify,Spotify,38586,113.6151204489092737801144356579
628810842995,CALVP1902123,Spotify,Spotify,500470,1360.1121416679168954963366085741
628810560875,QM24S1904071,YouTube,Streaming,21,0.1363820631326494328737027943
628810846559,CALVP1903197,OK.ru,OK.ru,1403,0.1856172991332783121655693561
672985383128,CAENV2038021,Xiami,Xiami,27,0.0402627203937594288222180565
692531021106,CAGOO2100165,Tidal,Tidal,42,0.1952618339710034049308450493
672985781016,CAHQJ2153230,YouTube,Streaming,4618,30.0147563735035795968868575449
672985183742,CACWV2018984,Kuwo,Streaming,94,0.0262128576879837891862786291
672985508989,CAGOO2015895,Resso,Streaming,32,0.0383696918911107041033849918
628810561544,QM24S1920887,GooglePlay,Google Play Music Streaming,18,0.0995109625940206384178741776
672985083943,CALVP2062669,Line,Streaming,25,0.1252498047176391079369560826
628810742141,CAHQJ1951322,GooglePlay,Google Play Locker,104,0.0241534729150720821387733043
672985102477,CALVP2073075,Pandora,Pandora,141,0.4292597796933096429420453206
692531021106,CAGOO2100165,Netease,Netease,21,0.0058176527376932051265917542
628810965274,CALVP2002252,Spotify,Spotify,120550,361.7533878126561263914895917922
672985954885,CAENV2164647,YouTube,Streaming,6,0.0297574299256787841872320352
,CAHQJ1951322,ITunes,iTunes Match,54,0.0317595941995154983669661029
672985083943,CALVP2062669,Saavn,Saavn,3424,4.4096653586281066536361193702
672985678217,CAHQJ2016754,TikTok,Streaming,6,0.0086443392779425424417537697
672985102477,CALVP2073075,OK.ru,OK.ru,3,0.0000426023261292457519589144
672985974739,CAENV2176626,Tidal,Tidal,17,0.0699527398985709205491723531
672985020382,CALVP2025588,GooglePlay,Google Play Locker,325,0.0417614628612226511567519209
628810560806,QM24S1832184,QQMusic,Streaming,786,0.6829706904784392170550007394
672985912496,CAENV2139579,BOOM App UMA,BOOM App UMA,1,0.0013531754958767302078865046
628810560813,QM24S1906868,GooglePlay,Google Play Music Streaming,252,1.1087489582086271426958012404
692531064653,CAGOO2122549,Deezer,Deezer,149,0.6024794283933641282473670800
628810612284,CAGOO1984027,Anghami,Streaming,9,0.0166892518371527711164705688
628810965274,CALVP2002252,Netease,Netease,657,0.3178842446859566490481408749
628810846559,CALVP1903197,YouTube,Streaming,193491,1088.5562618601872361336852313350
,CAGOO2068468,ITunes,iTunes Match,16,0.0013326902237848441182544021
672985370258,,Amazon,Digital Music Store,1,0.6990518163639860120275651929
628810528974,CAGOO1942139,TDC Play Musik,Streaming,46,0.3184557649445010034709886334
628810965274,CALVP2002252,OK.ru,OK.ru,4,0.0003474757098781818344038602
628810560806,QM24S1832184,BOOM App UMA,BOOM App UMA,162784,188.3958550608325023333946227824
628810534333,QM24S1910617,Boomplay,Streaming,1,0.0002955817517213288493517675
672985397491,CAENV2043858,YouTube,Streaming,3506,25.2310172203036420282600297690
628810933068,CALVP1946334,Kuwo,Streaming,59,0.0193414928619993813696317417
672985598324,CAGOO2068468,Yandex,Streaming,361,0.4153140553109400877537545419
,QM24S1825227,ITunes,Apple Music,4211,24.8808576231778486233567811015
672985397491,CAENV2043858,Amazon,Digital Music Store,1,0.7274177270980720113916325746
672985093942,CALVP2068437,VKontakte,VKontakte,335,0.0392895591206793480746170803
628810534333,QM24S1910617,GooglePlay,Google Play Locker,101,0.0203400277795340126772714971
628810477371,CAGOO1916989,TikTok,Streaming,5,0.0101092243904572773775524111
,CAHQJ2117718,ITunes,iTunes Store,78,40.0804850490311557225708746817
,QM24S1920887,ITunes,iTunes Store,2,1.4000000000000000000000000000
672985105386,CALVP2073121,YouTube,Content ID,418,1.2238269848592883810309178625
628810933068,CALVP1946334,Xiami,Xiami,6,0.0007745311200907399631832604
628810561544,QM24S1920887,Netease,Netease,37,0.0172432830191530415683702046
672985545014,CAGOO2036067,QQMusic,Streaming,87,0.0695508605667775852553764874
672985850156,CAHQJ2197917,Spotify,Spotify,71459,171.6800840808583008728811805399
692531160546,CAGOO2175180,YouTube,Content ID,143,0.1829787155369313665425640545
692531021106,CAGOO2100165,Amazon,Music Premium Service,60,1.3955467940140688227616713241
672985545014,CAGOO2036067,YouTube,Streaming,512,3.5705912318872472058738140391
628810534401,QM24S1831517,Amazon,Digital Music Store,1,0.6369926999371620520856768268
,CAHQJ2184062,ITunes,Apple Music,5956,36.4268524316796699920529463161
672985705159,CAHQJ2107431,OK.ru,OK.ru,130,0.0391177263859589812206291174
672985397491,CAENV2043858,Yandex,Streaming,3282,4.7852792990316263333283407403
672985007505,CALVP2020125,TikTok,Streaming,30,0.0386950811892734944720808144
,CAGOO2006319,ITunes,Apple Music,4545,24.6472801419383777084558122296
,CACWV2018984,ITunes,iTunes Match,63,0.0095884230863999899239556338
672985812512,CAHQJ2173685,Boomplay,Streaming,1,0.0002901701527389495853717059
628810560806,,Amazon,Digital Music Store,17,11.7786386663091808764055213650
672985382008,CAENV2037366,KKBox,Kkbox,4,0.0142820087915738368052240604
692531080790,CAGOO2132230,Pandora,Pandora,23,0.0712134769036227530419238006
672985151543,CACWV2000320,Resso,Streaming,19,0.0130847469865540587124211440
672985740426,CAHQJ2128297,Resso,Streaming,69,0.0762080630964896122529879248
628810699889,CAHQJ1930439,MediaNet,Streaming,38,0.0825355454517313937432344879
672985102477,CALVP2073075,TikTok,Streaming,8,0.0098617069192664751115776474
672985631182,USLZJ1888276,YouTube,Streaming,1184811,5211.1376017851919038788096990680
672985397491,CAENV2043858,BOOM App UMA,BOOM App UMA,7279,8.7382799394849076990256554052
628810742141,CAHQJ1951322,TikTok,Streaming,23,0.0475905295618662218073126782
672985093942,CALVP2068437,TDC Play Musik,Streaming,2,0.0142454218722192222470869945
672985261242,CACWV2063398,VKontakte,VKontakte,100367,12.6320867135722768779442654643
628810842995,CALVP1902123,Netease,Netease,5929,3.3574180851794580365377820978
672985491366,CAGOO2006319,Xiami,Xiami,28,0.0170875884907533755777994117
672985850156,CAHQJ2197917,YouTube,Streaming,139,1.4997139334199995338980802503
672985183742,CACWV2018984,Spotify,Spotify,67497,152.7487238697442376164277180593
692531064653,CAGOO2122549,Spotify,Spotify,81929,221.4864145048005706536148311735
628810534357,QM24S1820062,Deezer,Deezer,74,0.5065581447580289223932746109
672985912496,CAENV2139579,YouTube,Streaming,7,0.0225940422849487060099188824
672985007505,CALVP2020125,Rhapsody,Streaming,10,0.4428908599886702637530464662
628810560875,QM24S1904071,Xiami,Xiami,1,0.0001386416624969231006776436
672985397491,CAENV2043858,YouTube,Content ID,1245,1.3047714068866952052311479374
,CAENV2149514,ITunes,iTunes Match,24,0.0206352289159817476136888708
628810561858,QM24S1913190,Resso,Streaming,17,0.0173294706364593793643581524
628810612284,CAGOO1984027,YouTube,Content ID,3162,6.9619676280226519483120326039
672985183742,CACWV2018984,BOOM App UMA,BOOM App UMA,8634,8.9623141093547702376718221101
,CACWV2000320,ITunes,iTunes Match,13,0.0025686336080646256011019228
,CAENV2119873,ITunes,iTunes Store,3,2.2284564341085271317829457364
628810846559,CALVP1903197,QQMusic,Streaming,160089,109.3457542334798761384502136782
672985261242,CACWV2063398,GooglePlay,Google Play Download Store,2,1.1026327537655581589715542096
628810842995,CALVP1902123,Rhapsody,Streaming,67,0.2908477618477843404210461984
672985581159,CAGOO2057827,Spotify,Spotify,131682,323.3096216370605148447789523492
672985020382,CALVP2025588,Rhapsody,Streaming,1,0.0038910569519598043705726807
628810534357,QM24S1820062,GooglePlay,Google Play Locker,7,0.0007672513311498881571469778
672985954885,CAHQJ2165143,VKontakte,VKontakte,33,0.0103545422399307952136861120
,CALVP1934369,ITunes,Apple Music,14450,81.7433467486340012397717183706
,QM24S1906868,ITunes,iTunes Store,8,5.8070344000362324218518140046
628810943173,CALVP1951456,BOOM App UMA,BOOM App UMA,3042,3.8258646358741570524370043220
672985631182,USLZJ1888276,Netease,Netease,7820904,4062.6069283774163430952415203049
672985477858,CAENV2095149,YouTube,Streaming,4076,28.1632751134535731630124239951
672985781016,CAHQJ2153230,Deezer,Deezer,245,0.7576402126759562467104981684
672985020382,CALVP2025588,Xiami,Xiami,7,0.0009718104373961882999654939
672985083943,CALVP2062669,AWA,Awa,2,0.0172543755570903000133358249
,QM24S1913190,ITunes,Apple Music,5346,33.0186152757888138101817710915
628810560813,QM24S1906868,Spotify,Spotify,56878,159.2919809671274067584635382884
,CAGOO1984027,ITunes,Apple Music,17289,103.1416825510712020979152517067
,QM24S1825227,ITunes,iTunes Match,8,0.0069847388581263081301011382
672985545014,CAGOO2036067,Resso,Streaming,28,0.0334531691795644454402830954
628810742264,CAHQJ1951349,Rhapsody,Streaming,19,0.1243542090547991947563268288
672985609693,CAGOO2074915,AWA,Awa,4,0.0192961995193412869538655602
672985702912,CAHQJ2106266,KKBox,Kkbox,1,0.0034874566993383665165859745
628810561858,QM24S1913190,Xiami,Xiami,6,0.0024026392626142465814086235
692531225290,CACWV2110484,Amazon,Digital Music Store,1,0.6779149530486693260576022841
,CAENV2176626,ITunes,Apple Music,3241,19.2390888889272265989611091620
672985151543,CACWV2000320,BOOM App UMA,BOOM App UMA,1517,1.5820979111844390255931127869
672985382947,CAENV2037872,Yandex,Streaming,1856,2.5802416265947121298639569055
672985829381,CAHQJ2184062,Rhapsody,Streaming,15,0.1236697172747066176712202858
628810534425,QM24S1825227,BOOM App UMA,BOOM App UMA,122,0.1541861870789336067463324670
672985383128,CAENV2038021,TikTok,Streaming,3,0.0038261638970331967993886524
692531193681,CAGOO2193164,VKontakte,VKontakte,108,0.0333066159128913061712289934
628810561599,QM24S1916116,Tidal,Tidal,193,1.6714638070265556597031763313
692531149893,CAGOO2169181,Kuwo,Streaming,5,0.0043111192193190059065760526
628810846559,CALVP1903197,Rhapsody,Streaming,616,2.9760564426004234885077162032
,CAGOO1916989,ITunes,Apple Music,3437,19.7131927600561603661500820744
628810846559,CALVP1903197,Kuwo,Streaming,1955,0.8452496502466881210339521129
628810561858,QM24S1913190,Spotify,Spotify,34765,102.0856872592196472459667022050
672985678217,CAHQJ2016754,Deezer,Deezer,100,0.4955340728259452835340297221
672985151543,CACWV2000320,Tidal,Tidal,114,0.7356876731814408142686718321
672985781016,CAHQJ2153230,Amazon,Music Premium Service,61,1.7006312929941517985692634373
672985453845,CAENV2080948,Kugou,Streaming,4,0.0047030501966322299795044798
628810699889,CAHQJ1930439,GooglePlay,Google Play Music Streaming,283,1.4952783828576320110840814857
672985854369,CAENV2101722,BOOM App UMA,BOOM App UMA,32,0.0292256544990606968204454408
628810528974,CAGOO1942139,Saavn,Saavn,3651,5.6638003513740119692881735144
672985829381,CAHQJ2184062,VKontakte,VKontakte,1294,0.3718246010271175707165928344
672985453845,CAENV2080948,QQMusic,Streaming,29,0.0230388265890060742785836504
628810909476,CALVP1934369,GooglePlay,Google Play Locker,72,0.0171187658270582081010581691
672985083943,CALVP2062669,OK.ru,OK.ru,341,0.0217447531489933107217792338
628810561810,QM24S1919430,MediaNet,Streaming,10,0.0206545703705583532276552897
692531225290,CACWV2110484,Pandora,Pandora,5,0.0172375022224335823359627852
692531033765,CAGOO2106771,Resso,Streaming,46,0.0519375158766623461686377099
628810528974,CAGOO1942139,Spotify,Spotify,439383,1050.1524012598375897397863461096
672985770416,CAHQJ2147168,Amazon,Music Premium Service,395,3.9548059603982111168112665418
672985631182,USLZJ1888276,Kugou,Streaming,13858434,5313.6028271434493541850757638549
672985678217,CAHQJ2016754,QQMusic,Streaming,15,0.0133507527217850424802989664
628810534333,QM24S1910617,Saavn,Saavn,48,0.0746900483903765629048158484
,CAGOO2006319,ITunes,iTunes Match,55,0.0367398949403808029155322069
,CAGOO1984027,ITunes,iTunes Match,182,0.0804021607577440355672778382
,CACWV2110484,ITunes,iTunes Store,4,2.8021297342716547347229296128
692531193681,CAGOO2193164,Amazon,Music Premium Service,38,0.5726882128801400043416789134
628810534333,QM24S1910617,Yandex,Streaming,156,0.2492180887754798300264506108
628810933068,CALVP1946334,YouTube,Content ID,123,0.2603736086900063209879971279
628810846559,CALVP1903197,KKBox,Kkbox,69,0.3054018875306539661215562512
672985770416,CAHQJ2147168,Saavn,Saavn,31,0.0516532479997350989860067201
628810561858,QM24S1913190,Saavn,Saavn,43,0.0532975787891162039809125993
672985740426,CAHQJ2128297,Kuwo,Streaming,6,0.0026960877566742543935636930
672985722880,CAHQJ2117718,Boomplay,Streaming,158,0.0605857310645110715749329744
,CAENV2106588,ITunes,iTunes Store,4,2.8800794484342968361548872220
628810534357,QM24S1820062,Kuwo,Streaming,3,0.0004563997457952337679328014
672985812512,CAHQJ2173685,Netease,Netease,58,0.0551986372701044944683486845
628810742141,CAHQJ1951322,Amazon,Digital Music Store,2,1.3951490038305834053066937010
692531021106,CAGOO2100165,Deezer,Deezer,67,0.3308664074481858971196967439
628810742141,CAHQJ1951322,Rhapsody,Streaming,5,0.0212731069529612122937406297
692531089960,CAGOO2136880,YouTube,Streaming,2,0.0243275165071400998175019818
628810629831,CAGOO1993534,Yandex,Streaming,284,0.4814299471050770464514418173
628810943173,CALVP1951456,QQMusic,Streaming,1337,0.9571126999417767290494948949
672985854369,CAENV2101722,Netease,Netease,49303,28.5140612556322056571472804134
672985954885,CAENV2164647,Spotify,Spotify,59569,151.6472547473597467354208987096
672985882980,CAENV2119873,Pandora,Pandora,4,0.0137899968155496215557968998
,CAHQJ1930439,ITunes,iTunes Match,132,0.0189969041470828672982307246
628810846559,CALVP1903197,GooglePlay,Google Play Download Store,10,6.3158054264223372482056723444
692531139849,CAGOO2163741,YouTube,Content ID,29,0.0461202839748421694127277905
628810629831,CAGOO1993534,BOOM App UMA,BOOM App UMA,5178,6.3667232886725809768222854531
672985382947,,Amazon,Digital Music Store,1,0.7274177270980720113916325746
628810561544,QM24S1920887,TikTok,Streaming,1,0.0022683688123626819137694730
628810534333,QM24S1910617,Netease,Netease,3799,1.5046569582847257721715389241
628810534401,QM24S1831517,Kuwo,Streaming,4,0.0051302957605505273381185770
672985705159,CAHQJ2107431,Netease,Netease,7,0.0009049899063041363193296288
672985559677,CAGOO2044001,TikTok,Streaming,227,0.2969987121571162694142494582
672985740426,CAHQJ2128297,Spotify,Spotify,138714,325.8529913950840339979029898560
672985882980,CAENV2119873,VKontakte,VKontakte,1245,0.3870075018420297510162622144
692531033765,CAGOO2106771,Amazon,Music Premium Service,640,5.9855796004614181917139583859
672985508989,CAGOO2015895,BOOM App UMA,BOOM App UMA,3422,3.8848639189650365125175823667
672985083943,CALVP2062669,GooglePlay,Google Play Locker,16,0.0020832997019371089547571866
,CALVP2073075,ITunes,Apple Music,3070,15.1901179670997770216528699222
672985637429,CAGOO2091608,OK.ru,OK.ru,1,0.0002548692125987515538448775
672985183742,CACWV2018984,Amazon,Digital Music Store,1,0.7039826517681680903003172872
628810629831,CAGOO1993534,GooglePlay,Google Play Locker,5,0.0006530515035079827867536596
628810842995,CALVP1902123,MediaNet,Streaming,1,0.0021186148889245834498912404
628810846559,CALVP1903197,Deezer,Deezer,81510,333.2330639862346022367769727064
672985491366,CAGOO2006319,Anghami,Streaming,1,0.0003141974554387420079488509
,CAHQJ2128297,ITunes,Apple Music,1600,7.2444537477657456017679626163
628810943173,CALVP1951456,Saavn,Saavn,48,0.0621293759108527490892562202
,QM24S1919430,ITunes,iTunes Match,16,0.0072218986793195310042839218
672985020382,CALVP2025588,TDC Play Musik,Streaming,1,0.0067022929819296679297663399
628810742264,CAHQJ1951349,OK.ru,OK.ru,257,0.0270286125862098412625074601
628810477371,CAGOO1916989,IMusica,Streaming,1,0.0040703585308174600723298040
672985545014,CAGOO2036067,Xiami,Xiami,1,0.0018703013813036929352457552
672985007505,CALVP2020125,Resso,Streaming,33,0.0357969641912304877864817463
628810534401,QM24S1831517,Resso,Streaming,36,0.0449027020576416524589409165
628810933068,CALVP1946334,Tidal,Tidal,14,0.0713021509565565811625632086
672985740426,CAHQJ2128297,TikTok,Streaming,12,0.0198287119603474620113655222
672985382947,CAENV2037872,VKontakte,VKontakte,2292,0.2078746208434003595184810794
628810742264,CAHQJ1951349,TikTok,Streaming,54,0.0984085830554317932783338662
,CAGOO2036067,ITunes,iTunes Store,3,2.1000000000000000000000000000
672985581159,CAGOO2057827,Tidal,Tidal,17,0.1255365646131483564929941111
692531064653,CAGOO2122549,YouTube,Streaming,77,0.7743143376027100931506193103
672985102477,CALVP2073075,Xiami,Xiami,24,0.0392269487353049559351332359
,CALVP2020125,ITunes,Apple Music,6245,32.1686842650053741337575348170
,CAENV2037366,ITunes,iTunes Store,6,3.8584894581991886274450257944
628810846559,CALVP1903197,Resso,Streaming,322,0.1372966411036681621904577711
672985491366,CAGOO2006319,YouTube,Content ID,288,0.7836040852580930160593437914
628810534333,QM24S1910617,QQMusic,Streaming,714,0.4037593330522533928443980747
,CAGOO2057827,ITunes,iTunes Store,3,2.0376981642104741061298382447
628810742141,CAHQJ1951322,Anghami,Streaming,66,0.0943909978870452059102072801
628810612284,,Amazon,Digital Music Store,3,1.9728215092274592791538395922
672985722880,CAHQJ2117718,Amazon,Digital Music Store,5,3.5348080898150720795126923583
672985954885,CAENV2164646,Yandex,Streaming,11,0.0204654766460305293091568180
672985069411,CALVP2053160,Deezer,Deezer,292,1.0512645786339423677399971762
,CALVP1902123,ITunes,iTunes Match,360,0.2087085124208649899345208726
672985508989,CAGOO2015895,Pandora,Pandora,1,0.0053503130585207831270091622
672985083943,CALVP2062669,Amazon,Digital Music Store,2,1.3324967046847626617666194061
672985151543,CACWV2000320,VKontakte,VKontakte,3344,0.3106034636154746399129898808
672985854369,CAENV2101722,Line,Streaming,16,0.0924304723558219834425122139
672985453845,CAENV2080948,Boomplay,Streaming,9,0.0045217885102825760291766809
628810742264,CAHQJ1951349,Kuwo,Streaming,6,0.0031705470113142846636051731
,CALVP2062669,ITunes,iTunes Match,192,0.1323968674741352766346817705
672985007505,CALVP2020125,Yandex,Streaming,198,0.2866384762315908508400438909
672985007505,CALVP2020125,GooglePlay,Google Play Locker,77,0.0166486215483509708317576207
628810528974,CAGOO1942139,Netease,Netease,251285,107.9728940276989854351730993133
628810943173,CALVP1951456,Yandex,Streaming,302,0.5804383048919129906049031013
672985861015,CAENV2106588,OK.ru,OK.ru,1,0.0002722025632897751645201452
672985882980,CAENV2119873,Tidal,Tidal,173,1.0315972237921711154659580335
628810560851,QM24S1826608,QQMusic,Streaming,317947,194.1617908658605497686594586156
628810629831,CAGOO1993534,Tidal,Tidal,34,0.2451349413951710144317528903
672985007505,CALVP2020125,Pandora,Pandora,215,1.2257733639479772067917442831
628810842995,CALVP1902123,QQMusic,Streaming,936,0.7907646827180689119919386734
692531193681,CAGOO2193164,Pandora,Pandora,4,0.0179752650486606277755684251
628810612284,CAGOO1984027,GooglePlay,Google Play Locker,78,0.0225138679039635282670739868
,CACWV2110484,ITunes,Apple Music,897,4.7341637126669956411555766281
692531247810,CACWV2122094,TikTok,Streaming,13,0.0227356137553058744121021439
672985702912,CAHQJ2106266,Amazon,Music Premium Service,17,0.2438190448767647687489710211
,CAGOO1984027,ITunes,iTunes Store,33,21.9122380707592839739322442945
628810561810,QM24S1919430,Xiami,Xiami,1,0.0031583915540925695864753078
672985581159,CAGOO2057827,BOOM App UMA,BOOM App UMA,36,0.0358981089941503121816391342
672985453845,CAENV2080948,OK.ru,OK.ru,148,0.0167467898163388334085940964
,QM24S1916116,ITunes,iTunes Store,14,3.8685762164655842604782282341
628810561513,QM24S1915972,QQMusic,Streaming,258,0.1504900368505043083597648708
672985581159,CAGOO2057827,Deezer,Deezer,357,1.9275845747610512984570013785
628810561810,QM24S1919430,KKBox,Kkbox,3,0.0178366606796973772363015541
628810612284,CAGOO1984027,Kuwo,Streaming,1,0.0001521332065661061050354316
692531149893,CAGOO2169181,YouTube,Content ID,45,0.0633776149572985564252231827
628810560875,QM24S1904071,TikTok,Streaming,1,0.0022693188092457858143386447
628810742264,CAHQJ1951349,Amazon,Digital Music Store,3,2.0975415626536591042351808041
672985383128,CAENV2038021,VKontakte,VKontakte,749,0.0808759782922623259196153827
628810842995,CALVP1902123,YouTube,Content ID,2777,7.9925618590395572719112295619
692531033765,CAGOO2106771,OK.ru,OK.ru,3,0.0009562945646456149273547329
628810560875,QM24S1904071,Resso,Streaming,25,0.0254089634192026588244641294
628810699889,CAHQJ1930439,Rhapsody,Streaming,23,0.0855655240956441554741422858
628810933068,CALVP1946334,TDC Play Musik,Streaming,114,0.6873268881778730887973740962
672985637429,CAGOO2091608,Deezer,Deezer,97,0.2342752348426801159355975145
672985598324,CAGOO2068468,Anghami,Streaming,59,0.0248064007864029070462102885
692531149893,CAGOO2169181,Spotify,Spotify,24060,53.3928447802608680677340960161
628810560813,QM24S1906868,GooglePlay,Google Play Locker,10,0.0031355076456211625676694568
628810477371,CAGOO1916989,YouTube,Content ID,369,0.9128799565367424597323151316
672985631182,USLZJ1888276,VKontakte,VKontakte,7586677,1852.6570508987148272547436665510
672985397491,CAENV2043858,VKontakte,VKontakte,28001,4.5756291355175339983133501665
672985954885,CAHQJ2165143,Deezer,Deezer,4,0.0221688942356230596711459156
672985069411,CALVP2053160,Pandora,Pandora,4,0.0130902473041722703842507885
628810933068,CALVP1946334,Yandex,Streaming,70,0.0707712345259625211524321689
672985007505,CALVP2020125,Line,Streaming,51,0.5330988725138840847411829201
672985020382,CALVP2025588,OK.ru,OK.ru,5,0.0000556263208734982625449927
672985850156,CAHQJ2197917,Amazon,Music Premium Service,22,0.0773458642901484971273235153
,CACWV2000320,ITunes,Apple Music,634,3.4757640165057164387398560898
,CAENV2164646,ITunes,iTunes Match,4,0.0059720365266470575510095525
672985598324,CAGOO2068468,Boomplay,Streaming,1,0.0002901701527389495853717059
672985477858,CAENV2095149,QQMusic,Streaming,2,0.0014306046421173263674843186
672985770416,CAHQJ2147168,Anghami,Streaming,8,0.0039825953406626488360994102
692531021106,CAGOO2100165,Saavn,Saavn,1,0.0014251725305626943166018085
672985770416,CAHQJ2147168,Spotify,Spotify,122939,326.3992254045770490116078821551
628810561544,QM24S1920887,Amazon,Music Premium Service,9,0.0728228900094318967984108584
672985007505,CALVP2020125,QQMusic,Streaming,292,0.2327674339727272522622765131
692531021106,CAGOO2100165,Yandex,Streaming,6,0.0093970881709817503340376978
628810943173,CALVP1951456,Amazon,Music Premium Service,336,3.8873376755043164856389819623
672985722880,CAHQJ2117718,Resso,Streaming,851,0.7419337940162309759132578362
672985974739,CAENV2176626,QQMusic,Streaming,443,0.5025531297764278699912541956
672985722880,CAHQJ2117718,TikTok,Streaming,1764,3.5865722546373281177046190766
672985545014,CAGOO2036067,VKontakte,VKontakte,342,0.0530336223077612652926051511
672985083943,CALVP2062669,KKBox,Kkbox,2,0.0073360083779257867185669054
672985882980,CAENV2119873,Netease,Netease,347,0.3875239760245494663812705730
,CAGOO2193164,ITunes,Apple Music,628,4.1529376643956200420489664585
672985382947,CAENV2037872,Saavn,Saavn,121,0.2579418893282744548618197287
672985183742,CACWV2018984,TikTok,Streaming,35,0.0566426876096434831711024779
672985020382,CALVP2025588,VKontakte,VKontakte,13361,1.0579321776991123457332704977
628810534425,QM24S1825227,AWA,Awa,1,0.0105826202907302183475224804
628810965274,CALVP2002252,Line,Streaming,3,0.0338741619394272693162813007
628810561513,QM24S1915972,GooglePlay,Google Play Download Store,1,0.6746096397632821646704917624
672985007505,CALVP2020125,Anghami,Streaming,81,0.0749080492536663108800030856
628810561858,QM24S1913190,AWA,Awa,35,0.2644824493774281401125595865
672985740426,CAHQJ2128297,QQMusic,Streaming,131,0.1030036729449489446272903528
,QM24S1832184,ITunes,iTunes Store,522,356.1183147937281993123745274794
628810742264,CAHQJ1951349,YouTube,Streaming,12137,77.2223607596580795198632756426
672985545014,CAGOO2036067,Netease,Netease,273,0.1854394459969766146985866028
628810477371,CAGOO1916989,TDC Play Musik,Streaming,50,0.3408733829936019427648300765
672985183742,CACWV2018984,Pandora,Pandora,5,0.0192470598523528098585711955
628810528974,CAGOO1942139,Line,Streaming,2794,24.2712868979895314318928395296
,CALVP2025588,ITunes,iTunes Store,27,18.8110683693649791363046327867
672985105386,CALVP2073121,Amazon,Digital Music Store,1,0.6965695605693706448656356068
672985102477,CALVP2073075,Line,Streaming,9,0.0452796311850524962854172023
672985781016,CAHQJ2153230,Tidal,Tidal,72,0.4419956320850124456643832126
672985083943,CALVP2062669,GooglePlay,Google Play Music Streaming,1017,5.7673861232655313358274768417
692531064653,CAGOO2122549,Line,Streaming,10,0.0732348502030117661843944892
,CALVP1946334,ITunes,iTunes Store,4,3.0445681707990525646522150931
672985861015,CAENV2106588,Spotify,Spotify,110406,290.1450306821291200818175854867
628810561858,QM24S1913190,Deezer,Deezer,533,1.9515654483516707431347800098
,CAGOO2136880,ITunes,iTunes Match,2,0.0020246798476041251966630858
672985261242,CACWV2063398,KKBox,Kkbox,3,0.0134228358755014598173875980
692531080790,CAGOO2132230,Resso,Streaming,17,0.0206920931043524426495943828
672985631182,USLZJ1888276,Yandex,Streaming,3050305,5206.9915820279998729625254309752
628810560851,QM24S1826608,AWA,Awa,501,4.9066346960003371552443639604
672985705159,CAHQJ2107431,YouTube,Content ID,302,0.6288500623811941173584159439
,CAHQJ2165143,ITunes,Apple Music,717,3.8439780845918372808908053468
672985083943,CALVP2062669,Xiami,Xiami,136,0.0534683622925638125972651855
628810560806,QM24S1832184,OK.ru,OK.ru,2716,0.2625422248281551620240579380
672985929517,CAENV2149514,Kuwo,Streaming,10,0.0057557269049336194221411651
628810534357,QM24S1820062,BOOM App UMA,BOOM App UMA,4761,5.2264492590435192548872638913
,CALVP2062669,ITunes,Apple Music,14912,86.1096140844810226072598388466
672985850156,CAHQJ2197917,VKontakte,VKontakte,103,0.0293683741666903595410769576
672985705159,CAHQJ2107431,Anghami,Streaming,3,0.0092050843328747062716982006
672985491366,CAGOO2006319,TikTok,Streaming,54,0.0935460615492595852380411516
672985453845,CAENV2080948,Spotify,Spotify,40325,108.9582536312901853600737003566
,CAGOO2091608,ITunes,Apple Music,1538,9.8633026630447465067102078440
628810528974,CAGOO1942139,MediaNet,Streaming,1,0.0013839366731051132692350302
672985453845,CAENV2080948,YouTube,Content ID,731,1.4154466327140004208058257287
,CAGOO2074915,ITunes,Apple Music,2306,10.6496439752924371218353828764
672985740426,CAHQJ2128297,Tidal,Tidal,11,0.0503275378419061696941647583
672985702912,CAHQJ2106266,Deezer,Deezer,233,0.8607500353362068889756365134
672985151543,CACWV2000320,Kugou,Streaming,1,0.0011252517067123268953243943
672985581159,CAGOO2057827,Saavn,Saavn,21,0.0276370916415441875571667895
,CAGOO2006319,ITunes,iTunes Store,20,13.6103368167931751606175005928
672985477858,CAENV2095149,Amazon,Digital Music Store,1,0.6995760487395020558409338842
672985912496,CAENV2139579,YouTube,Content ID,5,0.0141843576243557378471863879
672985781016,CAHQJ2153230,Anghami,Streaming,184,0.2232714964143967302506570259
672985954885,CAHQJ2165143,YouTube,Streaming,1,0.0027251534128368569378209149
692531193681,CAGOO2193164,QQMusic,Streaming,10,0.0101345211414557704371638991
,CAGOO2091608,ITunes,iTunes Store,3,2.5854401978695678044491662923
672985453845,CAENV2080948,Anghami,Streaming,66,0.1541990693142900865339640577
672985799073,CAHQJ2165143,YouTube,Content ID,28,0.0398937232973314988466588945
672985609693,CAGOO2074915,Amazon,Music Premium Service,1264,26.4740032617044000046651638743
628810742141,CAHQJ1951322,Kugou,Streaming,504,0.1400132661673280135846669999
628810534333,QM24S1910617,Resso,Streaming,162,0.0464533568473612176050357262
,CAGOO2122549,ITunes,Apple Music,351,1.7121101490621862993500536954
,CAENV2043858,ITunes,iTunes Store,7,3.4474867131878955158813204009
628810560806,QM24S1832184,YouTube,Content ID,938356,907.5902282953143238377588512420
672985151543,CACWV2000320,Deezer,Deezer,290,1.0471173822796643030331006385
672985370258,CAENV2030178,GooglePlay,Google Play Locker,19,0.0018501608803886613003086012
628810560875,QM24S1904071,Rhapsody,Streaming,1,0.0043886265237069251344367820
628810561810,QM24S1919430,Yandex,Streaming,100,0.1577018054638300000112604061
672985105386,CALVP2073121,Boomplay,Streaming,12,0.0035690117867468303621361594
628810561544,QM24S1920887,YouTube,Streaming,191,0.9506215602962592252489190543
672985477858,CAENV2095149,Boomplay,Streaming,6,0.0017762702250234446897657652
628810560806,QM24S1832184,KKBox,Kkbox,292,1.1485831200798644279456899338
,QM24S1919430,ITunes,iTunes Store,2,1.4965436882968453350908427866
672985722880,CAHQJ2117718,QQMusic,Streaming,319480,243.3956545402852309496894007819
628810534425,QM24S1825227,GooglePlay,Google Play Music Streaming,219,1.2536417650372171503765196804
672985508989,CAGOO2015895,Saavn,Saavn,30,0.0518921628493126761961984430
628810612284,CAGOO1984027,Xiami,Xiami,11,0.0014881504979274297328207220
672985598324,CAGOO2068468,Tidal,Tidal,9,0.0556469837190575580654890998
672985829381,CAHQJ2184062,Resso,Streaming,50,0.0357069251178092409990835024
,CALVP1934369,ITunes,iTunes Store,39,26.8455839708509457645414394892
672985799073,CAHQJ2165143,BOOM App UMA,BOOM App UMA,83,0.0908445222371116797076216204
672985477858,CAENV2095149,Tidal,Tidal,37,0.1578420270709995866441167358
628810534401,QM24S1831517,Xiami,Xiami,1,0.0001388614624832108665479750
672985382008,CAENV2037366,Netease,Netease,1162,0.4612793548552931196157789226
692531089960,CAGOO2136880,VKontakte,VKontakte,17,0.0053474538645181480367558884
672985954885,CAENV2164647,Kuwo,Streaming,1,0.0001521332696145638265236843
672985083943,CALVP2062669,YouTube,Content ID,10407,12.5721188854696650146040856064
,CACWV2063398,ITunes,iTunes Store,17,7.8520536356787289183546028934
692531064653,CAGOO2122549,TikTok,Streaming,5,0.0110930581994130363208021116
628810742264,CAHQJ1951349,Pandora,Pandora,224,0.9847932214500786195605381463
672985912496,CAENV2139579,Resso,Streaming,12,0.0107817879132172232904078562
672985383128,CAENV2038021,KKBox,Kkbox,1,0.0040637344851907168775473486
,CAGOO2193164,ITunes,iTunes Store,1,0.6494309683852223693032371194
672985383128,CAENV2038021,Amazon,Music Premium Service,31,0.3267573315924597445249033444
628810534357,QM24S1820062,Spotify,Spotify,3742,10.8850704299816567758305471149
672985631182,USLZJ1888276,Deezer,Deezer,365935,1499.5470047942436542805675229038
,CAENV2038021,ITunes,Apple Music,1160,8.3493308111600938360635316303
672985261242,CACWV2063398,Xiami,Xiami,12,0.0169318854910389515266606299
672985722880,CAHQJ2117718,Netease,Netease,1033449,697.0401183798559053330410608824
,CAGOO2057827,ITunes,iTunes Match,5,0.0029358103445097203014112918
672985740426,CAHQJ2128297,Line,Streaming,3,0.0273995136530768764827621019
672985609693,CAGOO2074915,QQMusic,Streaming,8,0.0082268640310122250637519027
628810534357,QM24S1820062,Amazon,Music Premium Service,10,0.1074226507356337446752549048
672985781016,CAHQJ2153230,YouTube,Content ID,892,1.2990348458424232256326711293
672985954885,CAENV2164647,Amazon,Music Premium Service,1,0.0013957689129619734598498687
,CAENV2037872,ITunes,iTunes Store,1,0.7000000000000000000000000000
672985631182,USLZJ1888276,Anghami,Streaming,16474,18.6415751709575426291482179651
628810560875,QM24S1904071,Amazon,Music Premium Service,2,0.0154603804253232342509795860
628810560875,QM24S1904071,Kuwo,Streaming,13,0.0109621972605980732149670514
672985929517,CAENV2149514,Saavn,Saavn,1,0.0014251725305626943166018085
672985799073,CAHQJ2165143,YouTube,Streaming,18,0.1014442108751550925074751902
628810528974,CAGOO1942139,YouTube,Streaming,18933,108.0682417917497333565324606559
692531225290,CACWV2110484,TikTok,Streaming,1,0.0017488933354850633548938663
672985559677,CAGOO2044001,Pandora,Pandora,3,0.0035358988207196372892621311
628810560806,QM24S1832184,TDC Play Musik,Streaming,1013,6.3560628695516850001060294599
,CALVP2062669,ITunes,iTunes Store,18,12.3005022721345867840976210003
628810561858,QM24S1913190,Amazon,Digital Music Store,1,0.6984598753525785353561281560
628810534425,QM24S1825227,Line,Streaming,29,0.1058199019350940782531554909
672985105386,CALVP2073121,Resso,Streaming,6,0.0064992096944464002878467532
628810534425,QM24S1825227,Yandex,Streaming,65,0.0753092568342962200176221199
,QM24S1820062,ITunes,Apple Music,784,2.8471915123709860691533495732
672985637429,CAGOO2091608,Line,Streaming,30,0.1603507239850611249496823186
628810528974,CAGOO1942139,Resso,Streaming,2914,3.0610656048454322265940150167
672985770416,CAHQJ2147168,Netease,Netease,68278,40.9506314720131458944711760370
628810560851,QM24S1826608,Kugou,Streaming,170843,69.6378333756300682893920137047
628810909476,CALVP1934369,Anghami,Streaming,295,0.3022006785666528017819343647
672985491366,CAGOO2006319,Pandora,Pandora,4,0.0159518033643990988680062936
672985722880,CAHQJ2117718,Pandora,Pandora,826,3.2016923383344035065390122035
672985453845,CAENV2080948,Kuwo,Streaming,6,0.0009127993356554239948927700
,CAENV2164646,ITunes,iTunes Store,1,0.7000000000000000000000000000
628810560813,QM24S1906868,Resso,Streaming,53,0.0582196412256922855295299026
628810629831,CAGOO1993534,GooglePlay,Google Play Music Streaming,57,0.4052481411560546366384926112
672985453845,CAENV2080948,Line,Streaming,131,0.6530727499840791309134697210
672985261242,CACWV2063398,Line,Streaming,2,0.0101319405671685999965247348
672985151543,CACWV2000320,SoundtrackYourBrand,Streaming,1,0.0021444468192161885163990912
628810699889,CAHQJ1930439,GooglePlay,Google Play Locker,10,0.0020459370996985326531254599
,QM24S1820062,ITunes,iTunes Store,6,2.9881232660132222864259949796
628810528974,CAGOO1942139,Anghami,Streaming,478,0.4460983742820799961238607887
628810965274,CALVP2002252,Tidal,Tidal,892,4.3197655725433396972179422861
628810560851,QM24S1826608,VKontakte,VKontakte,20723,2.5517467585671962944050527402
672985093942,CALVP2068437,AWA,Awa,472,4.7219570232678392713599186205
,CAENV2164646,ITunes,Apple Music,198,1.1536741129943922342384609066
628810933068,CALVP1946334,QQMusic,Streaming,360,0.3552342573494726785429711580
628810943173,CALVP1951456,AWA,Awa,1,0.0065626170735491039436308267
,CALVP1902123,ITunes,Apple Music,38060,229.7090070722513614046684049796
,QM24S1832184,ITunes,Apple Music,263092,1552.9186826679819415390979202949
,CAENV2139579,ITunes,iTunes Store,1,0.7000000000000000000000000000
672985545014,CAGOO2036067,Tidal,Tidal,50,0.0911373592581914713299924026
628810561858,QM24S1913190,Anghami,Streaming,11,0.0142414025809302212725364811
628810534333,QM24S1910617,IMusica,Streaming,1,0.0038478658553566282239955343
672985740426,CAHQJ2128297,Amazon,Music Premium Service,29,0.1073864483285616574391625909
628810846559,CALVP1903197,VKontakte,VKontakte,650595,116.6328279801720229336276692849
672985678217,CAHQJ2016754,VKontakte,VKontakte,200,0.0510079274833684172489816171
628810612284,CAGOO1984027,Saavn,Saavn,36,0.0480735076107018043249714024
,CAENV2164647,ITunes,iTunes Store,2,1.4000000000000000000000000000
628810560806,QM24S1832184,IHeartRadio,IHeartRadio,93,1.3682233363198593853386230104
692531160546,CAGOO2175180,Deezer,Deezer,19,0.1185119949574256391285561277
672985702912,CAHQJ2106266,TikTok,Streaming,3,0.0043418032372601944579222135
628810742264,CAHQJ1951349,Amazon,Music Premium Service,4148,51.2396513717910620677413106926
692531033765,CAGOO2106771,YouTube,Streaming,2702,16.7680692202279261355321911847
672985151543,CACWV2000320,Spotify,Spotify,114531,269.5169409958542388329102927699
628810561513,QM24S1915972,AWA,Awa,6,0.0222494102642390130036992906
628810742264,CAHQJ1951349,YouTube,Content ID,3351,6.9780333217651336942745507738
,QM24S1915972,ITunes,iTunes Store,1,0.7223058265825995629870887631
628810561858,QM24S1913190,Amazon,Music Premium Service,85,1.5949486009904187110592875038
628810534357,QM24S1820062,Kugou,Streaming,3,0.0004114349454408772151397824
,CALVP2002252,ITunes,iTunes Match,92,0.0622185519848061472458485221
672985974739,CAENV2176626,Deezer,Deezer,554,1.4708582830631591926747452608
672985151543,CACWV2000320,OK.ru,OK.ru,91,0.0050398521460555861294750617
628810699889,CAHQJ1930439,Anghami,Streaming,20,0.0310231030765002962739168074
628810909476,CALVP1934369,MediaNet,Streaming,29,0.0621325814639671238799311022
672985678217,CAHQJ2016754,Amazon,Music Premium Service,67,0.6170961645350158196185411193
672985705159,CAHQJ2107431,TikTok,Streaming,77,0.1552852660183014613350123490
628810528974,CAGOO1942139,VKontakte,VKontakte,23040,3.2935346471353340216330124396
672985183742,CACWV2018984,MediaNet,Streaming,8,0.0169199589358628994537719838
628810561858,QM24S1913190,YouTube,Streaming,1668,10.1106490809651226178757406115
628810534357,QM24S1820062,QQMusic,Streaming,31,0.0083225366871415731311313085
672985382008,CAENV2037366,Amazon,Digital Music Store,2,1.3892788287741896559073751222
672985105386,CALVP2073121,Yandex,Streaming,53,0.0673063106181492468345523167
628810909476,CALVP1934369,Kuwo,Streaming,72,0.0150510271348089540842420089
672985477858,CAENV2095149,Rhapsody,Streaming,67,0.2962081111852941777946692483
672985477858,CAENV2095149,Amazon,Music Premium Service,91,1.8666511295536421551372588591
628810560851,QM24S1826608,TikTok,Streaming,120,0.1674202859979029455131986360
672985954885,CAENV2164646,Amazon,Music Premium Service,19,0.1445128190504812668845803213
,QM24S1831517,ITunes,iTunes Match,3,0.0011249276259904979283808230
628810846559,CALVP1903197,Boomplay,Streaming,67,0.0537363149190627374838017313
672985854369,CAENV2101722,Amazon,Digital Music Store,3,2.1040756062689513688391443209
628810909476,CALVP1934369,Deezer,Deezer,2705,8.5800651599194413290247713471
628810909476,CALVP1934369,Saavn,Saavn,31,0.0562682052248193526734058370
628810561599,QM24S1916116,Spotify,Spotify,43924,110.7013070566443753900382185660
628810742141,CAHQJ1951322,GooglePlay,Google Play Download Store,4,2.5523204767804254219912876860
628810561858,QM24S1913190,Rhapsody,Streaming,49,0.2107168575000334961397691277
628810561810,QM24S1919430,Kugou,Streaming,2,0.0018801721174773739311787974
672985007505,CALVP2020125,YouTube,Content ID,792,2.4899636757821827371735087348
628810560813,QM24S1906868,AWA,Awa,1336,13.5645761063038326975960096631
672985631182,,Amazon,Digital Music Store,7,4.9086723666128564545664571679
,CAENV2038021,ITunes,iTunes Match,20,0.0125623946470179208206455937
,QM24S1831517,ITunes,Apple Music,1821,8.7983949167022540788871529389
628810528974,CAGOO1942139,Xiami,Xiami,64,0.0368082078751699770082043291
,CAGOO2044001,ITunes,iTunes Store,5,1.2331641824236096192847088365
672985705159,CAHQJ2107431,QQMusic,Streaming,1,0.0012284875044950334140214433
692531033765,CAGOO2106771,Deezer,Deezer,639,3.4427541445792402224424354901
672985770416,CAHQJ2147168,Kugou,Streaming,20,0.0229821119947292829421928272
628810561599,QM24S1916116,BOOM App UMA,BOOM App UMA,52246,54.0158681701776611546542916087
628810528974,CAGOO1942139,GooglePlay,Google Play Download Store,4,2.7380248343928145858191154354
,CAHQJ1951349,ITunes,iTunes Match,93,0.0504711563020067546612009225
672985508989,CAGOO2015895,Deezer,Deezer,864,3.2974249996422034096372980192
628810560875,QM24S1904071,Tidal,Tidal,13,0.0363387354964477032307272687
,CAENV2037366,ITunes,iTunes Match,10,0.0032018929712281132775373697
692531033765,CAGOO2106771,BOOM App UMA,BOOM App UMA,182,0.2204542195004265448931539082
628810842995,CALVP1902123,KKBox,Kkbox,9655,41.4912795717263916621190786818
628810629831,CAGOO1993534,Pandora,Pandora,2,0.0086968641465985548622316348
672985545014,CAGOO2036067,Yandex,Streaming,128,0.2525904805951709928619640461
628810742141,CAHQJ1951322,AWA,Awa,220,1.8700662011508985744790089067
692531033765,CAGOO2106771,Netease,Netease,4,0.0005186103036452111583080189
672985812512,CAHQJ2173685,YouTube,Content ID,606,1.2867668054610987486816851955
672985083943,CALVP2062669,BOOM App UMA,BOOM App UMA,21129,23.6018251910369818058071322822
,CAGOO2106771,ITunes,iTunes Match,13,0.0208376440489065646459884935
672985954885,CAENV2164646,Resso,Streaming,0,0.0000000000000000000000000000
628810560851,QM24S1826608,BOOM App UMA,BOOM App UMA,7501,8.5999628138582897126934193751
672985151543,CACWV2000320,Netease,Netease,4259,2.2582697601120183554919968936
672985545014,CAGOO2036067,Pandora,Pandora,3,0.0124041105076068041527858766
672985799073,CAHQJ2165143,QQMusic,Streaming,3,0.0015594779407458449391577508
,QM24S1832184,ITunes,iTunes Match,2078,1.3465645855590938897122001144
672985581159,CAGOO2057827,KKBox,Kkbox,8,0.0290005583397396477979387058
672985383128,CAENV2038021,Kuwo,Streaming,4,0.0006085328262644244201417264
628810534425,QM24S1825227,QQMusic,Streaming,1875,1.1540648952248223601740030461
628810965274,CALVP2002252,Rhapsody,Streaming,11,0.0431852512778227841451750254
,QM24S1904071,ITunes,iTunes Store,1,0.1459333635396205971703232737
672985383128,CAENV2038021,QQMusic,Streaming,30,0.0264629895746080443977328486
628810699889,CAHQJ1930439,Amazon,Music Premium Service,153,3.3012882418991967519504586052
672985491366,CAGOO2006319,Amazon,Digital Music Store,3,2.1017137628207983163422422003
672985581159,CAGOO2057827,Kuwo,Streaming,5,0.0007543984233960776360628202
628810629831,CAGOO1993534,YouTube,Content ID,354,0.8657842435625528649963830289
672985740426,CAHQJ2128297,Deezer,Deezer,372,1.8812214487709550071035235380
628810933068,CALVP1946334,YouTube,Streaming,200,1.9337607052148075525680730922
628810560806,QM24S1832184,Saavn,Saavn,3694,4.4407707897547488110327440314
692531064653,CAGOO2122549,Tidal,Tidal,6,0.0504587947100519473415633421
672985974739,CAENV2176626,Kuwo,Streaming,14,0.0077975156159724944876829326
692531160546,CAGOO2175180,OK.ru,OK.ru,1,0.0003089203693291466017166644
,CAGOO2136880,ITunes,Apple Music,325,1.8879376157877620386024393449
628810534357,QM24S1820062,GooglePlay,Google Play Download Store,1,0.0918148076831138809941762370
692531021106,CAGOO2100165,OK.ru,OK.ru,4,0.0012723979759634034990264147
672985069411,CALVP2053160,Anghami,Streaming,16,0.0083499340201910999661676232
692531064653,CAGOO2122549,QQMusic,Streaming,22,0.0185658469399067203960445577
628810534333,QM24S1910617,VKontakte,VKontakte,4680,0.3083580781428546206925388564
628810943173,CALVP1951456,KKBox,Kkbox,22,0.1554557662157571929424420827
672985102477,CALVP2073075,BOOM App UMA,BOOM App UMA,1652,1.5407201202022021475228763284
672985105386,CALVP2073121,BOOM App UMA,BOOM App UMA,422,0.4377261094233213674273047927
628810612284,CAGOO1984027,QQMusic,Streaming,38271,19.6965803039866100207920107088
628810534401,QM24S1831517,YouTube,Streaming,249,1.3943933818384004839465220576
628810560851,QM24S1826608,YouTube,Streaming,3330,21.2686777824838099195432054045
672985491366,CAGOO2006319,Deezer,Deezer,1006,6.7229256390694923959154774469
,CALVP2073121,ITunes,iTunes Match,54,0.0382762661017864489269198160
672985093942,CALVP2068437,Line,Streaming,212,2.3776525446962163676404957350
672985007505,CALVP2020125,GooglePlay,Google Play Download Store,3,1.2514465462235496167417503958
672985631182,USLZJ1888276,Tidal,Tidal,23277,156.2661921883680900649236255094
672985183742,CACWV2018984,Saavn,Saavn,1,0.0019077868792137684791694191
628810742141,CAHQJ1951322,Tidal,Tidal,235,1.7382321364575778012450950219
628810560875,QM24S1904071,OK.ru,OK.ru,1,0.0002677093053745645054979546
672985105386,CALVP2073121,Saavn,Saavn,24,0.0358724636191385046701792972
,CAHQJ2128297,ITunes,iTunes Store,4,2.2728323712446334864604967227
672985183742,CACWV2018984,Xiami,Xiami,1,0.0001281717222471346580542097
672985598324,CAGOO2068468,YouTube,Streaming,4566,23.5766991979895117003398365689
692531160546,CAGOO2175180,Tidal,Tidal,6,0.0378588776459759397130146150
672985559677,CAGOO2044001,SoundtrackYourBrand,Streaming,83,0.1105819075124109951960557883
628810561513,QM24S1915972,Kugou,Streaming,16,0.0043671249828701465997134808
,QM24S1904071,ITunes,iTunes Match,7,0.0032085417440828166737805022
628810534425,QM24S1825227,Resso,Streaming,18,0.0183706607371522534375070961
672985954885,CAENV2164646,Pandora,Pandora,1,0.0034474990157421258216187800
628810561599,QM24S1916116,TDC Play Musik,Streaming,12,0.0821315971700866859239107622
628810534333,QM24S1910617,AWA,Awa,103,1.0051084246042550125713939978
672985799073,CAHQJ2165143,Amazon,Music Premium Service,90,0.3642365950832409930641765308
672985609693,CAGOO2074915,Resso,Streaming,5,0.0032174324338987654071783225
628810534333,QM24S1910617,GooglePlay,Google Play Music Streaming,1177,5.1260692140709296869613037823
628810933068,CALVP1946334,Anghami,Streaming,3,0.0019137180599710484566687389
628810612284,CAGOO1984027,Rhapsody,Streaming,39,0.1446915168944349977789659129
,CALVP1903197,ITunes,Apple Music,144915,800.5889842246820284514245366601
672985581159,CAGOO2057827,AWA,Awa,56,0.4806727899429573631233989361
628810561513,QM24S1915972,KKBox,Kkbox,6,0.0216210883379138470853490438
672985151543,CACWV2000320,Line,Streaming,6,0.0368558962322644730333478245
628810534401,QM24S1831517,VKontakte,VKontakte,36887,1.9706438085802629820518885646
672985453845,CAENV2080948,Xiami,Xiami,13,0.0035772239390036591410636132
628810612284,CAGOO1984027,OK.ru,OK.ru,13,0.0002171549514157655964487816
,QM24S1916116,ITunes,Apple Music,16653,50.1857908582504461333316538881
672985799073,CAHQJ2165143,Netease,Netease,47,0.0128680371789847519682557992
672985954885,CAENV2164646,VKontakte,VKontakte,23,0.0072277717160193734255161013
672985545014,CAGOO2036067,Spotify,Spotify,92864,180.5145679281312145115962992308
672985722880,CAHQJ2117718,Deezer,Deezer,19137,79.8750736004282773036057026261
692531247810,CACWV2122094,Kugou,Streaming,8,0.0054171987727740388119582058
,CALVP1903197,ITunes,iTunes Match,755,0.4402384511095415032559947297
628810842995,CALVP1902123,YouTube,Streaming,21062,151.4959587035944663440286836025
672985093942,CALVP2068437,TikTok,Streaming,46,0.0843341241886999157556372175
672985781016,CAHQJ2153230,Netease,Netease,11,0.0054547642941850862059136758
628810560806,QM24S1832184,Deezer,Deezer,178837,702.4421481211158374496879851974
672985093942,CALVP2068437,Saavn,Saavn,27,0.0341790132685788518730594541
672985069411,CALVP2053160,Kuwo,Streaming,25,0.0117037756903246569711716405
672985740426,CAHQJ2128297,AWA,Awa,3,0.0265830890781500680862856714
628810742264,CAHQJ1951349,QQMusic,Streaming,481,0.4516956137047457157559045932
672985581159,CAGOO2057827,Pandora,Pandora,1,0.0034474990589042923922951648
672985954885,CAENV2139579,VKontakte,VKontakte,16,0.0050377613088737124424303941
,QM24S1910617,ITunes,iTunes Store,7,5.1222901354633043626611962788
672985083943,CALVP2062669,Boomplay,Streaming,34,0.0164674945979603281337992478
672985812512,CAHQJ2173685,Saavn,Saavn,1,0.0013136934873746858194957008
672985151543,CACWV2000320,QQMusic,Streaming,136,0.1168654466011843739690027647
628810534333,QM24S1910617,TDC Play Musik,Streaming,9,0.0564427844826340481677618099
628810629831,CAGOO1993534,TikTok,Streaming,40,0.0553880391081666193195965901
628810560806,QM24S1832184,Tidal,Tidal,12431,71.6200133125240082043315977440
628810560806,QM24S1832184,YouTube,Streaming,2050352,13192.6649864038372691129943301583
672985370258,CAENV2030178,Tidal,Tidal,21,0.1551917929430409708424050204
672985678217,CAHQJ2016754,YouTube,Streaming,981,4.2183096248089030930382040981
628810561599,QM24S1916116,OK.ru,OK.ru,116,0.0025489959589742578256006380
672985370258,CAENV2030178,OK.ru,OK.ru,2,0.0002743136459873811969614119
672985382008,CAENV2037366,Resso,Streaming,68,0.0431301815348120848307749671
628810561544,QM24S1920887,Pandora,Pandora,2,0.0087978121174250755193043270
672985370258,CAENV2030178,YouTube,Streaming,1920,13.3259488845791219002006582617
628810560806,QM24S1832184,GooglePlay,Google Play Locker,3564,0.8579085154462178890370185274
,CAENV2080948,ITunes,Apple Music,3467,20.3255099091478633273899624720
672985861015,CAENV2106588,QQMusic,Streaming,187,0.1419554217351862946959807720
692531080790,CAGOO2132230,KKBox,Kkbox,1,0.0037128800086588069452332920
628810560806,QM24S1832184,GooglePlay,Google Play Music Streaming,16578,84.2230492609322841660909984226
,CAENV2080948,ITunes,iTunes Store,13,8.5467095784186782226180066008
672985383128,CAENV2038021,Resso,Streaming,23,0.0205735462391369152335471436
,CAENV2030178,ITunes,Apple Music,913,4.7099119853764737150558897232
,CAGOO2132230,ITunes,iTunes Store,7,4.8477878825808645322204918384
628810528974,CAGOO1942139,BOOM App UMA,BOOM App UMA,10172,12.1212010617749397156175273300
628810699889,CAHQJ1930439,OK.ru,OK.ru,114,0.0035580649606198410655165091
,CAENV2139579,ITunes,Apple Music,327,1.8988551614997513907194973047
672985882980,CAENV2119873,Amazon,Music Premium Service,78,1.3773411035076732952133812143
628810561544,QM24S1920887,BOOM App UMA,BOOM App UMA,1797,2.2373136355168312523833145455
628810933068,CALVP1946334,MediaNet,Streaming,3,0.0056211664509542801690175110
672985020382,CALVP2025588,IMusica,Streaming,1,0.0038399960648227724353593075
,CAENV2080948,ITunes,iTunes Match,68,0.0544218759871736442393337036
,CALVP2073075,ITunes,iTunes Match,23,0.0138605201388894844559267486
672985093942,CALVP2068437,BOOM App UMA,BOOM App UMA,257,0.3230897278145849302421948864
672985829381,CAHQJ2184062,Yandex,Streaming,83,0.1431436101959290294703987556
672985609693,CAGOO2074915,Tidal,Tidal,163,0.6532422901329888243111816393
672985093942,,Amazon,Digital Music Store,1,0.6848331471540938013846463089
672985102477,CALVP2073075,GooglePlay,Google Play Music Streaming,43,0.2239476294384479546003117541
672985383128,CAENV2038021,BOOM App UMA,BOOM App UMA,275,0.2808513994776168342964989831
672985261242,CACWV2063398,Deezer,Deezer,4253,13.6615238135017155492614193724
672985722880,CAHQJ2117718,OK.ru,OK.ru,780,0.2241549543109646004929668213
672985850156,CAHQJ2197917,YouTube,Content ID,69,0.3275161937459828861984114024
672985974739,CAENV2176626,Line,Streaming,48,0.2166439907638745042926794643
672985102477,CALVP2073075,Resso,Streaming,22,0.0240000150373211722231557432
672985151543,CACWV2000320,AWA,Awa,4,0.0443197887547258526574313287
692531160546,CAGOO2175180,Amazon,Music Premium Service,3,0.0361823249594726136332289484
672985383128,CAENV2038021,Anghami,Streaming,6,0.0048693351260920946020970707
672985740426,CAHQJ2128297,Pandora,Pandora,6,0.0224126044485983663087813781
628810909476,CALVP1934369,TDC Play Musik,Streaming,330,2.0381788633764347317715724012
672985508989,CAGOO2015895,OK.ru,OK.ru,9,0.0022363700386982790151114020
628810933068,CALVP1946334,Saavn,Saavn,6,0.0138514375187526544872029580
,CAENV2043858,ITunes,Apple Music,4483,24.0212359070489473794997919539
672985545014,CAGOO2036067,Deezer,Deezer,207,0.8778779908717135335561246338
672985850156,CAHQJ2197917,BOOM App UMA,BOOM App UMA,4,0.0055153186821607555525208651
,CACWV2000320,ITunes,iTunes Store,2,1.4000000000000000000000000000
628810560851,QM24S1826608,Line,Streaming,14,0.0732284390744414764241372066
672985383128,CAENV2038021,Boomplay,Streaming,2,0.0005857430394603767676525491
628810943173,CALVP1951456,Spotify,Spotify,631836,1704.3285773634762141986401892976
672985740426,CAHQJ2128297,OK.ru,OK.ru,1,0.0002548692125987515538448775
628810742141,CAHQJ1951322,Xiami,Xiami,35,0.0085435179712297485569056451
672985770416,CAHQJ2147168,Resso,Streaming,31,0.0328864089847123986246206079
,CAGOO2163741,ITunes,Apple Music,352,1.9425007332221034745789949218
628810742264,CAHQJ1951349,BOOM App UMA,BOOM App UMA,7460,9.0384646627683958607922160916
672985850156,CAHQJ2197917,QQMusic,Streaming,19,0.0126826140133323715622680980
628810629831,CAGOO1993534,IMusica,Streaming,1,0.0038051944005542544932316710
672985491366,CAGOO2006319,Tidal,Tidal,209,1.3439596049522795664710608459
628810560813,QM24S1906868,TikTok,Streaming,86,0.1745385428640344792092569950
672985151543,CACWV2000320,YouTube,Content ID,102,0.2502951319744788586154097628
672985850156,CAHQJ2197917,Boomplay,Streaming,1,0.0002956467829546908054908138
672985812512,CAHQJ2173685,Spotify,Spotify,75687,186.2421583143506466066426705298
672985093942,CALVP2068437,Yandex,Streaming,121,0.2263292226378102600896969021
672985069411,CALVP2053160,GooglePlay,Google Play Music Streaming,139,0.6358328550863900609444860890
628810561513,QM24S1915972,Resso,Streaming,496,0.4134090322312107546419089769
628810528974,CAGOO1942139,Yandex,Streaming,2891,4.2776115111274647097109505085
628810560806,QM24S1832184,Anghami,Streaming,5056,5.0275908916961713449759011696
672985598324,CAGOO2068468,Spotify,Spotify,83183,208.6692562930627813186874293912
672985382008,CAENV2037366,QQMusic,Streaming,153,0.1250262392507762349563631992
672985702912,CAHQJ2106266,Kuwo,Streaming,12,0.0018255985418417308932634575
672985929517,CAENV2149514,Spotify,Spotify,175860,496.0620652527289551987673269308
,CAGOO2163741,ITunes,iTunes Store,2,1.5121405937698045142105006581
628810909476,CALVP1934369,Amazon,Music Premium Service,811,12.9770479793928454144328134847
672985929517,CAENV2149514,Deezer,Deezer,343,1.1498571848516156512467232130
692531064653,CAGOO2122549,Yandex,Streaming,1,0.0018290631211226884651889598
628810943173,CALVP1951456,Xiami,Xiami,3,0.0008383843793420423686450410
672985261242,CACWV2063398,TDC Play Musik,Streaming,1,0.0052610191111108100623180556
628810561858,QM24S1913190,Netease,Netease,18611,9.0018121079494207327667248753
628810561599,QM24S1916116,Yandex,Streaming,5888,9.1335866135790470497641703548
672985382008,CAENV2037366,IMusica,Streaming,4,0.0218778947334065813452761375
628810560851,QM24S1826608,Rhapsody,Streaming,4,0.0171943824032793463741888780
628810534401,QM24S1831517,Tidal,Tidal,83,0.3956916884110287588394283017
628810943173,CALVP1951456,YouTube,Content ID,926,2.4509288095132163246843629312
628810561810,QM24S1919430,Tidal,Tidal,110,0.7355827317799261292693695182
672985397491,CAENV2043858,Amazon,Music Premium Service,1531,19.8535289413823020913296573410
628810699889,CAHQJ1930439,Line,Streaming,7,0.0588068311171552822345420179
628810842995,CALVP1902123,Anghami,Streaming,299,0.6180918846926304524491246477
628810560813,QM24S1906868,QQMusic,Streaming,557,0.3524712144910655582397390137
628810560806,QM24S1832184,Yandex,Streaming,94097,154.7939186153208628928230068112
672985799073,CAHQJ2165143,Spotify,Spotify,80904,183.7638762028176670749342904103
672985781016,CAHQJ2153230,BOOM App UMA,BOOM App UMA,910,1.1082503723340062486022169102
672985631182,USLZJ1888276,Spotify,Spotify,15615003,33688.7865648459188670091158273549
,CAGOO2132230,ITunes,Apple Music,1203,6.5623932969501145143260068959
672985020382,CALVP2025588,Tidal,Tidal,717,4.9482457563412107710907399557
672985882980,CAENV2119873,OK.ru,OK.ru,2,0.0006275875767705066558202095
692531064653,CAGOO2122549,VKontakte,VKontakte,55,0.0174128239724480262143120034
672985477858,CAENV2095149,Resso,Streaming,32,0.0377486888079348685200105754
672985007505,CALVP2020125,Saavn,Saavn,91,0.1212839312437303273806826122
672985678217,CAHQJ2016754,Kuwo,Streaming,5,0.0007606661988821787509868062
672985093942,CALVP2068437,Kugou,Streaming,33823,16.1570398360627984695301378254
692531193681,CAGOO2193164,Spotify,Spotify,67899,157.9678882054337075240428840172
692531033765,CAGOO2106771,Saavn,Saavn,45,0.0582032096783243843214639399
628810477371,CAGOO1916989,GooglePlay,Google Play Music Streaming,69,0.4296781067195353112107796937
628810534333,QM24S1910617,OK.ru,OK.ru,8,0.0021625214312694703434670542
672985545014,CAGOO2036067,AWA,Awa,9,0.0827572066039211189180510253
628810561544,QM24S1920887,Yandex,Streaming,57,0.1161786414429544221162058983
692531193681,CAGOO2193164,BOOM App UMA,BOOM App UMA,14,0.0169434021196238716340394365
628810534333,QM24S1910617,Rhapsody,Streaming,80,0.4068120902183087597947983645
628810846559,CALVP1903197,Kugou,Streaming,9429,4.4816761206137938053660359752
,CACWV2122094,ITunes,Apple Music,265,1.8531883435470275784124874610
672985183742,CACWV2018984,Amazon,Music Premium Service,227,3.4367532054150263897443416321
672985781016,CAHQJ2153230,Resso,Streaming,28,0.0345220817616908886980350518
672985770416,CAHQJ2147168,Boomplay,Streaming,3,0.0008871077988742416905227746
692531160546,CAGOO2175180,QQMusic,Streaming,12,0.0117792371583141263533286382
628810965274,CALVP2002252,GooglePlay,Google Play Music Streaming,65,0.4233649302107189384473864865
672985370258,CAENV2030178,MediaNet,Streaming,3,0.0070583832329633087612962703
672985954885,CAHQJ2165143,Spotify,Spotify,310,1.0378114000021124760084351929
672985974739,CAENV2176626,BOOM App UMA,BOOM App UMA,62,0.0780111411613726699696044444
,CAGOO1993534,ITunes,iTunes Match,146,0.1196894366961732149543203856
628810965274,CALVP2002252,Deezer,Deezer,958,4.4529143743073629784788901856
672985382008,CAENV2037366,Amazon,Music Premium Service,312,2.7745047568875004156434423652
628810561858,QM24S1913190,Tidal,Tidal,268,1.6850902723261698195183802167
672985974739,CAENV2176626,AWA,Awa,45,0.3835976280038093556068481469
672985770416,CAHQJ2147168,VKontakte,VKontakte,5171,1.4722396790801572501591668602
672985581159,CAGOO2057827,Amazon,Music Premium Service,21,1.1198665818446943973179314273
672985491366,CAGOO2006319,Line,Streaming,27,0.1084558135488882805753659516
628810561544,QM24S1920887,MediaNet,Streaming,11,0.0251146095093527701609340311
672985491366,CAGOO2006319,Kugou,Streaming,123,0.0574794246404163933582652487
,CACWV2110484,ITunes,iTunes Match,4,0.0023791205287879109902021211
672985770416,CAHQJ2147168,Rhapsody,Streaming,2,0.0073530591763723010002471551
628810933068,CALVP1946334,GooglePlay,Google Play Music Streaming,16,0.1150162780047881753744628659
672985954885,CAHQJ2165143,BOOM App UMA,BOOM App UMA,2,0.0029127654583754696349743697
672985929517,CAENV2149514,Line,Streaming,9,0.0334967627577437805636698039
628810560813,QM24S1906868,Pandora,Pandora,49,0.2582055542756433829077123337
672985631182,USLZJ1888276,Pandora,Pandora,9079,34.7433197773432740950146143654
628810699889,CAHQJ1930439,YouTube,Streaming,2283,11.6291178146920851683368042794
672985829381,CAHQJ2184062,SoundtrackYourBrand,Streaming,12,0.0079087273477128864288180843
628810699889,CAHQJ1930439,BOOM App UMA,BOOM App UMA,26931,27.6000195732877023937943669222
,QM24S1920887,ITunes,Apple Music,1226,7.1273975097267586050903057017
628810477371,CAGOO1916989,Xiami,Xiami,5,0.0006072480739503092445204990
628810629831,CAGOO1993534,OK.ru,OK.ru,1,0.0003060807864462964647333097
,CAENV2095149,ITunes,iTunes Match,50,0.0349435617700006657036032251
672985397491,CAENV2043858,TDC Play Musik,Streaming,2,0.0124755993058753682176182539
672985740426,CAHQJ2128297,TDC Play Musik,Streaming,3,0.0175565231463404520941648579
692531225290,CACWV2110484,QQMusic,Streaming,2,0.0003042665392291276628973698
672985974739,CAENV2176626,Amazon,Digital Music Store,1,0.7044255508820341902630916098
628810629831,CAGOO1993534,GooglePlay,Google Play Download Store,1,0.7605248799320028954544517612
692531193681,CAGOO2193164,Yandex,Streaming,5,0.0067229640965464808363024326
,CAGOO2015895,ITunes,iTunes Match,55,0.0365939112785997667230311796
672985637429,CAGOO2091608,YouTube,Content ID,50,0.0609333488639350546228574095
672985850156,CAHQJ2197917,Tidal,Tidal,3,0.0115982280200772217545655025
628810561599,QM24S1916116,QQMusic,Streaming,26,0.0290997205371284333826250879
692531139849,CAGOO2163741,Yandex,Streaming,12,0.0193588407681704593891268051
628810534333,QM24S1910617,Tidal,Tidal,103,0.5890937671253192348330436801
628810612284,CAGOO1984027,Pandora,Pandora,172,0.5765435202868208555433172507
628810742141,CAHQJ1951322,SoundtrackYourBrand,Streaming,3,0.0028257115814414289778911260
672985702912,CAHQJ2106266,VKontakte,VKontakte,35,0.0093021808560640538006132080
672985261242,CACWV2063398,Saavn,Saavn,2,0.0034517641077400225597404900
672985102477,CALVP2073075,Rhapsody,Streaming,34,0.1428957923990270648477545729
672985069411,CALVP2053160,Resso,Streaming,9,0.0038439485117575745806229678
672985740426,CAHQJ2128297,KKBox,Kkbox,35,0.1231290349863761508854421919
,CALVP1946334,ITunes,Apple Music,1758,11.9433294248630064435536424846
628810561810,QM24S1919430,Saavn,Saavn,1,0.0008138954278234365030941633
628810534333,QM24S1910617,MediaNet,Streaming,1,0.0013839366731051132692350302
672985861015,CAENV2106588,AWA,Awa,79,0.6502272560070498826648711417
628810612284,CAGOO1984027,Spotify,Spotify,144249,440.4549429083199579248159820163
628810742264,CAHQJ1951349,VKontakte,VKontakte,21155,1.9160701240149882796874359654
672985559677,CAGOO2044001,Boomplay,Streaming,1,0.0002963963403255423588118705
672985722880,CAHQJ2117718,VKontakte,VKontakte,536226,158.2002898464080495665028218505
692531193681,CAGOO2193164,TikTok,Streaming,4,0.0069955734404402661191959357
628810560851,QM24S1826608,Amazon,Digital Music Store,1,0.6369926999371620520856768268
628810560806,QM24S1832184,Kugou,Streaming,30,0.0274459436335362603867391693
692531064653,CAGOO2122549,KKBox,Kkbox,13,0.0470081192211195386869608615
672985383128,CAENV2038021,GooglePlay,Google Play Download Store,1,0.7942746316198099089655296895
672985850156,CAHQJ2197917,Resso,Streaming,17,0.0188665678509122495584337695
628810561810,QM24S1919430,TikTok,Streaming,1,0.0013529380378397322859768276
672985083943,CALVP2062669,Kugou,Streaming,837,0.4221210826311823806768241316
672985370258,CAENV2030178,TikTok,Streaming,11,0.0236734456867701828431476041
672985382008,CAENV2037366,OK.ru,OK.ru,1,0.0003119359304953176647414787
628810629831,CAGOO1993534,Deezer,Deezer,507,3.2624153588394161540319603139
672985382947,CAENV2037872,Netease,Netease,1776,1.0057471334305427501938139292
672985812512,CAHQJ2173685,Yandex,Streaming,70,0.0322195259833021240851815411
628810742264,CAHQJ1951349,GooglePlay,Google Play Music Streaming,594,3.2280124780705413117520926323
672985581159,CAGOO2057827,VKontakte,VKontakte,170,0.0275203231312627157411930645
628810909476,CALVP1934369,Kugou,Streaming,121,0.0233139570407821038154903301
628810742141,CAHQJ1951322,VKontakte,VKontakte,10298,0.7655190944273038285120951948
672985491366,CAGOO2006319,YouTube,Streaming,3217,23.1571475145243846693674774441
672985382947,CAENV2037872,YouTube,Content ID,146,0.2490151820612858628154575670
672985397491,CAENV2043858,Tidal,Tidal,108,0.6037442455578697722435262212
,CAGOO2100165,ITunes,iTunes Store,1,0.7000000000000000000000000000
692531033765,CAGOO2106771,Yandex,Streaming,64,0.0565345037162342485077144805
628810534401,QM24S1831517,Line,Streaming,54,0.2086908096946959615206286336
672985397491,CAENV2043858,Netease,Netease,152,0.0755290605369675849859045120
628810561810,QM24S1919430,TDC Play Musik,Streaming,1,0.0071227109438854097621693809
672985854369,CAENV2101722,Deezer,Deezer,274,1.1381793549167953987764974801
628810943173,CALVP1951456,Kuwo,Streaming,7,0.0031671771713381727284715392
672985954885,CAENV2164646,Tidal,Tidal,19,0.1835064079886038341712624840
672985508989,CAGOO2015895,Kuwo,Streaming,1,0.0001521332397764357383773620
692531160546,CAGOO2175180,Spotify,Spotify,60185,152.3888940635508884790744421742
628810629831,CAGOO1993534,Kugou,Streaming,153,0.0607578055321666883513094198
672985069411,CALVP2053160,Tidal,Tidal,26,0.1559206438371053471849650391
692531089960,CAGOO2136880,Netease,Netease,20,0.0133029191202818804111866904
692531033765,CAGOO2106771,Tidal,Tidal,43,0.2638933676449088047175035164
628810560875,QM24S1904071,QQMusic,Streaming,381,0.2716917713290177822932850563
628810965274,CALVP2002252,YouTube,Streaming,1235,7.5601566721936419890022799915
,USLZJ1888276,ITunes,iTunes Store,969,479.1581160944320443260310266697
628810742141,CAHQJ1951322,QQMusic,Streaming,904,0.6779762500436378359565394871
628810561858,QM24S1913190,OK.ru,OK.ru,34,0.0015403306918535877860394730
628810612284,CAGOO1984027,KKBox,Kkbox,60,0.2993420788407564029724838059
672985882980,CAENV2119873,YouTube,Content ID,536,0.7986092618386315765942667366
672985705159,CAHQJ2107431,Xiami,Xiami,1,0.0001281712857548564624376184
628810477371,CAGOO1916989,Pandora,Pandora,15,0.0539254235454117118192836550
628810561810,QM24S1919430,VKontakte,VKontakte,11366,0.8609055593359579922557660991
628810909476,CALVP1934369,Rhapsody,Streaming,220,0.8904399788015520845964167931
672985678217,CAHQJ2016754,YouTube,Content ID,210,0.3458810094875538855523665530
672985477858,CAENV2095149,Spotify,Spotify,57666,119.4841060397449369619953191157
628810846559,CALVP1903197,BOOM App UMA,BOOM App UMA,204925,235.2789720254385782130776236784
672985581159,CAGOO2057827,Resso,Streaming,40,0.0410573588931178999592441387
672985083943,CALVP2062669,Spotify,Spotify,179449,420.4846238859923605508014978495
692531080790,CAGOO2132230,AWA,Awa,56,0.4477497475186680981244928305
672985151543,CACWV2000320,Amazon,Music Premium Service,109,1.1267672129085693856648284609
672985678217,CAHQJ2016754,Resso,Streaming,2,0.0025563631954604617517892860
,QM24S1820062,ITunes,iTunes Match,11,0.0079061411323712800677245270
672985382947,CAENV2037872,Anghami,Streaming,28,0.0349724563182204589806999741
628810965274,CALVP2002252,VKontakte,VKontakte,8468,0.5235921955736029234442601019
,CAHQJ2165143,ITunes,iTunes Match,2,0.0014449084752773406687208524
628810612284,CAGOO1984027,GooglePlay,Google Play Music Streaming,1193,6.2294752775738237989695759353
628810528974,,Amazon,Digital Music Store,4,2.7509940836743819855864022088
,CAENV2119873,ITunes,iTunes Match,12,0.0112726086255115090759264993
628810477371,CAGOO1916989,MediaNet,Streaming,1,0.0021186148889245834498912404
672985722880,CAHQJ2117718,Yandex,Streaming,2314414,4304.6781328889250824588028191454
672985912496,CAENV2139579,Netease,Netease,15,0.0077613636739263248638813227
672985812512,CAHQJ2173685,Deezer,Deezer,299,0.9519475914309340488990198928
628810842995,CALVP1902123,Kuwo,Streaming,15,0.0313576162420803842432097909
672985382008,CAENV2037366,Yandex,Streaming,73,0.1362281399164783027397293542
628810965274,CALVP2002252,BOOM App UMA,BOOM App UMA,1998,2.1116828013067042468150855378
672985261242,CACWV2063398,Yandex,Streaming,195816,290.0393297851400801227765475375
672985637429,CAGOO2091608,Kugou,Streaming,13,0.0081921269860113725288935960
672985020382,CALVP2025588,YouTube,Content ID,1777,4.0266374021445436912455041413
,CACWV2018984,ITunes,iTunes Store,10,3.7022077584455177646640715659
628810742264,CAHQJ1951349,Yandex,Streaming,615,0.9714151746427179819380184672
628810561513,QM24S1915972,OK.ru,OK.ru,13,0.0023380274644101548833505174
672985882980,CAENV2119873,TikTok,Streaming,12,0.0267381149272283822997083779
628810477371,CAGOO1916989,IHeartRadio,IHeartRadio,13,0.2273834487133790975511500265
,CAGOO2044001,ITunes,iTunes Match,35,0.0101142309520281976471365401
672985382947,CAENV2037872,KKBox,Kkbox,78,0.3161936708403394081290100863
672985609693,CAGOO2074915,TikTok,Streaming,89,0.1435746731685232913476084018
672985020382,CALVP2025588,Resso,Streaming,173,0.1340795341530789483399999016
628810560875,QM24S1904071,Yandex,Streaming,7,0.0068795452356492407252811282
628810477371,CAGOO1916989,Resso,Streaming,21,0.0190062743762180505730975681
628810560806,QM24S1832184,Netease,Netease,2056,1.1081793995200940618101022437
,CAGOO2036067,ITunes,iTunes Match,1,0.0007995913690517277082154148
672985508989,CAGOO2015895,Netease,Netease,534,0.3886718838479644601360350282
628810561513,QM24S1915972,GooglePlay,Google Play Music Streaming,393,1.9598543418511238164258709740
672985722880,,Amazon,Digital Music Store,3,2.0987556696064328109486423757
628810561513,QM24S1915972,Rhapsody,Streaming,6,0.0243974814023702277611131117
,CAENV2176626,ITunes,iTunes Match,18,0.0027886230034668621330179794
672985929517,CAENV2149514,Yandex,Streaming,1935,3.3181770668909816001798206339
672985453845,CAENV2080948,Pandora,Pandora,15,0.0703276069727211638206527050
672985370258,CAENV2030178,Yandex,Streaming,3,0.0024839087307760003102809237
,CAGOO2163741,ITunes,iTunes Match,5,0.0129813288806006266629868845
692531080790,CAGOO2132230,BOOM App UMA,BOOM App UMA,326,0.4218458816795257030906193752
628810534401,QM24S1831517,Spotify,Spotify,7406,21.7564595604653776427309865162
672985637429,CAGOO2091608,QQMusic,Streaming,157,0.1300520697255618640344346616
692531064653,CAGOO2122549,YouTube,Content ID,165,0.4919734865412317423628865881
672985261242,CACWV2063398,Netease,Netease,921,0.4580151696129939006785904510
672985850156,CAHQJ2197917,Pandora,Pandora,41,0.1466983792185661375396151005
672985882980,CAENV2119873,YouTube,Streaming,1459,8.0850592914293906526945808616
628810534357,QM24S1820062,Amazon,Digital Music Store,1,0.6998250276934585892880263555
628810699889,CAHQJ1930439,IMusica,Streaming,2,0.0076103888011085089864633419
628810528974,CAGOO1942139,Amazon,Digital Music Store,2,1.3980108441538352514644865825
672985954885,CAENV2164646,YouTube,Content ID,62,0.1490332111797473620261780680
692531160546,CAGOO2175180,BOOM App UMA,BOOM App UMA,87,0.1168593232548898836096155761
,CACWV2063398,ITunes,Apple Music,24406,109.6004965859401883313111725662
628810742141,CAHQJ1951322,Yandex,Streaming,39394,50.0205406494673544872553517266
672985781016,CAHQJ2153230,VKontakte,VKontakte,2864,0.7947561762913972996891055406
672985829381,CAHQJ2184062,Deezer,Deezer,414,1.6443492638220465567013071640
672985861015,CAENV2106588,Yandex,Streaming,16373,36.2862197853023246994214025177
672985929517,CAENV2149514,Resso,Streaming,453,0.3351965806807084838019059738
672985559677,CAGOO2044001,YouTube,Content ID,399,0.7775981410338680055405054745
,QM24S1826608,ITunes,iTunes Match,943,0.8920852609933483550130935470
,CALVP1946334,ITunes,iTunes Match,7,0.0043662233125361746118490115
628810909476,CALVP1934369,TikTok,Streaming,18,0.0266501031050270043944621041
672985581159,CAGOO2057827,Line,Streaming,16,0.1378838267288426300281189705
628810561599,QM24S1916116,Netease,Netease,594,0.2314722718371511320928451111
672985105386,CALVP2073121,QQMusic,Streaming,25,0.0185681770018099500568677025
672985861015,CAENV2106588,Kugou,Streaming,72,0.0825603801029265983249787077
628810742141,CAHQJ1951322,Netease,Netease,5528,3.2889165528987981847965207081
628810742264,,Amazon,Digital Music Store,2,1.3216581920359121488353617215
672985382008,CAENV2037366,Pandora,Pandora,8,0.0295634618808234192751492338
672985382947,CAENV2037872,Xiami,Xiami,4,0.0007479010575209988103647334
672985508989,CAGOO2015895,Yandex,Streaming,736,1.1035272877524594805426624949
672985370258,CAENV2030178,BOOM App UMA,BOOM App UMA,1853,2.0632331131079915373295111456
672985453845,CAENV2080948,BOOM App UMA,BOOM App UMA,3500,4.5143673771088443950676276296
628810561810,QM24S1919430,OK.ru,OK.ru,117,0.0220703366726290861045366367
,CAGOO2015895,ITunes,Apple Music,4712,28.7217330211492326293879475845
692531033765,CAGOO2106771,Pandora,Pandora,150,0.7978714979835336462318121054
672985861015,CAENV2106588,KKBox,Kkbox,1,0.0036322659630392524696210322
628810534333,QM24S1910617,Xiami,Xiami,5,0.0006722684319850386181413501
672985383128,CAENV2038021,Yandex,Streaming,14,0.0251292116990908504684275261
672985093942,CALVP2068437,Kuwo,Streaming,2,0.0003042664463425418434127936
628810560813,QM24S1906868,VKontakte,VKontakte,11514,2.9156239687225353163644133651
628810560875,QM24S1904071,BOOM App UMA,BOOM App UMA,95,0.1127473967785769290978565498
,CALVP1951456,ITunes,Apple Music,3876,24.7285026026857873763095960834
628810965274,CALVP2002252,MediaNet,Streaming,5,0.0119981515770020340727013002
672985850156,CAHQJ2197917,TikTok,Streaming,2,0.0049144211715522806512864546
672985069411,CALVP2053160,AWA,Awa,142,1.3202152494653802512170019034
628810943173,CALVP1951456,Deezer,Deezer,908,2.9475705709670354869554472462
,CAENV2106588,ITunes,iTunes Match,8,0.0075179750966982191793565084
672985105386,CALVP2073121,Kuwo,Streaming,3,0.0024627819084749616903750068
672985637429,CAGOO2091608,Kuwo,Streaming,65,0.0180186885139272287402763273
692531139849,CAGOO2163741,VKontakte,VKontakte,253,0.0776408615554877693245188849
692531225290,CACWV2110484,Spotify,Spotify,26687,66.1243833187807845575840312323
628810561810,QM24S1919430,Spotify,Spotify,192759,495.5001672213740225488169038703
,CAGOO2057827,ITunes,Apple Music,6518,42.9241466327172105439717985261
672985609693,CAGOO2074915,Netease,Netease,83,0.0479622315957404750002114500
672985093942,CALVP2068437,Resso,Streaming,129,0.1154891786636458024958536508
672985093942,CALVP2068437,YouTube,Content ID,53,0.0446725779989726755163064732
628810846559,CALVP1903197,Line,Streaming,111,0.6721049605945158259131411036
672985912496,CAENV2139579,Tidal,Tidal,1,0.0099672616503140142607606876
672985740426,CAHQJ2128297,BOOM App UMA,BOOM App UMA,1558,1.9340365400592785962773937761
672985093942,CALVP2068437,Amazon,Music Premium Service,125,1.1719691642626134283191855432
672985508989,CAGOO2015895,QQMusic,Streaming,38,0.0404599836300499733839628131
628810909476,CALVP1934369,Resso,Streaming,210,0.1522336618219239738240101290
692531193681,CAGOO2193164,Netease,Netease,53,0.0267474843127497595897828041
628810561544,QM24S1920887,Deezer,Deezer,167,0.7564482436336096358696330695
672985974739,CAENV2176626,YouTube,Streaming,540,4.5837977977491981301299793504
628810943173,CALVP1951456,Tidal,Tidal,208,1.5094061290033306893482307547
672985861015,CAENV2106588,YouTube,Content ID,110,0.2117069920731701603761446325
672985631182,USLZJ1888276,AWA,Awa,44,0.3781469026171030778489628937
628810561513,QM24S1915972,Amazon,Music Premium Service,494,4.2526326687708688095853433390
628810560806,QM24S1832184,GooglePlay,Google Play Download Store,54,35.3805810728472809064185583879
672985637429,CAGOO2091608,Spotify,Spotify,25304,59.7919074353342153578963375701
,CAGOO1942139,ITunes,iTunes Store,193,125.9877810379230505731422567833
628810909476,CALVP1934369,BOOM App UMA,BOOM App UMA,2310,2.4767686054226135084546405989
672985740426,CAHQJ2128297,Yandex,Streaming,274,0.4728688570494883240096131885
,CAHQJ2147168,ITunes,Apple Music,3315,18.5045857264944258722720033514
628810699889,CAHQJ1930439,Tidal,Tidal,58,0.2537167373927588631985866546
672985105386,CALVP2073121,GooglePlay,Google Play Music Streaming,168,0.8646741508302210247588780884
628810534401,QM24S1831517,GooglePlay,Google Play Music Streaming,95,0.4443566147522870453516672189
672985383128,CAENV2038021,Pandora,Pandora,8,0.0369476173817733602410534736
672985559677,CAGOO2044001,Yandex,Streaming,69,0.0947714519770623357059455504
672985397491,CAENV2043858,TikTok,Streaming,88,0.1313664595664027318914445286
672985508989,CAGOO2015895,Rhapsody,Streaming,25,0.2072061926879510227130592020
672985740426,CAHQJ2128297,VKontakte,VKontakte,6968,1.9182993160312799577624388456
628810534333,QM24S1910617,Kugou,Streaming,46,0.0080128504113420971911202132
628810943173,CALVP1951456,Anghami,Streaming,19,0.0216471583245280584494773319
672985770416,CAHQJ2147168,AWA,Awa,9,0.0805277423461170532608760685
628810629831,CAGOO1993534,Resso,Streaming,97,0.0865275445792623396266481782
672985559677,CAGOO2044001,Anghami,Streaming,42,0.0440143812634446938297274551
692531149893,CAGOO2169181,Deezer,Deezer,129,0.6092321188061347528165772512
,CAENV2139579,ITunes,iTunes Match,1,0.0005947801321969777475505303
672985722880,CAHQJ2117718,Line,Streaming,41,0.2968511190759676535881795236
628810846559,CALVP1903197,Tidal,Tidal,1483,10.3900929330368995140797493265
,CAHQJ2197917,ITunes,iTunes Match,3,0.0016406293518904523487500378
672985974739,CAENV2176626,VKontakte,VKontakte,265,0.0831363114002169932262576612
628810742141,CAHQJ1951322,BOOM App UMA,BOOM App UMA,3082,3.4682823548864185951171044825
672985477858,CAENV2095149,Yandex,Streaming,3,0.0009370538269878673750521621
628810477371,CAGOO1916989,OK.ru,OK.ru,3,0.0000470668496635903008693272
628810965274,CALVP2002252,Saavn,Saavn,129,0.2451574377386531533606254859
628810842995,CALVP1902123,Line,Streaming,203,2.1130784120946916403761977940
672985083943,CALVP2062669,VKontakte,VKontakte,52646,8.6939018104020662932212814177
628810561513,QM24S1915972,Pandora,Pandora,17,0.0686621519654622146869680460
692531080790,CAGOO2132230,Deezer,Deezer,733,3.0145392985131820443030679033
672985559677,CAGOO2044001,Netease,Netease,2133,1.0029847838592122940024058439
672985812512,CAHQJ2173685,OK.ru,OK.ru,8,0.0024514863669530874126058886
,CAHQJ2173685,ITunes,Apple Music,607,3.3095709479067536595109225091
628810561810,QM24S1919430,Amazon,Music Premium Service,276,7.1885354348098112066991288666
628810846559,,Amazon,Digital Music Store,7,4.7188855909305759064432340977
628810742264,CAHQJ1951349,TDC Play Musik,Streaming,5,0.0314502183775063171311029349
672985261242,CACWV2063398,YouTube,Streaming,6404,36.0617684837940673483174141908
,QM24S1916116,ITunes,iTunes Match,86,0.0309460260031281145114909953
628810561544,QM24S1920887,Saavn,Saavn,4,0.0059045573077835971975165203
672985812512,CAHQJ2173685,TikTok,Streaming,5,0.0115777356785896246574667755
628810534333,QM24S1910617,BOOM App UMA,BOOM App UMA,1869,2.2253013555181853736491993286
,CAHQJ2153230,ITunes,iTunes Match,14,0.0147088084532998915405872873
628810742264,CAHQJ1951349,Deezer,Deezer,5380,24.4268238539246828462520917125
672985020382,CALVP2025588,Line,Streaming,2,0.0061694900632251163537695089
672985812512,CAHQJ2173685,Amazon,Music Premium Service,139,0.9790641734511072772015393227
628810742141,CAHQJ1951322,Resso,Streaming,53,0.0465192682513471611648913819
,CAENV2106588,ITunes,Apple Music,1644,8.7386281708746413057204316537
628810933068,CALVP1946334,BOOM App UMA,BOOM App UMA,682,0.7856330709592545308517579787
672985854369,CAENV2101722,TikTok,Streaming,8,0.0177110557620441113711053518
628810561544,QM24S1920887,VKontakte,VKontakte,3554,0.2152633130127674302308976001
628810561810,QM24S1919430,Line,Streaming,62,0.2256277402324014031910845244
672985382008,CAENV2037366,GooglePlay,Google Play Music Streaming,1,0.0034717592929127633503623166
672985974739,CAENV2176626,Pandora,Pandora,3,0.0083245838349387880945380759
672985545014,CAGOO2036067,IMusica,Streaming,1,0.0040014786760767090787782832
628810965274,CALVP2002252,TikTok,Streaming,18,0.0290950371367588481932090173
672985382008,CAENV2037366,AWA,Awa,154,1.4399001051667340646325600110
628810561858,QM24S1913190,Kuwo,Streaming,11,0.0066472905578149001097117826
672985020382,CALVP2025588,Yandex,Streaming,387,0.7273044986684550227035858029
692531225290,CACWV2110484,BOOM App UMA,BOOM App UMA,26,0.0303639566948292009128595277
672985770416,CAHQJ2147168,Amazon,Digital Music Store,1,0.6997877027395095116754744756
672985083943,CALVP2062669,TikTok,Streaming,79,0.1747936090458253545808005625
628810534401,QM24S1831517,Yandex,Streaming,4291,6.1535510219347701584348805982
628810561810,QM24S1919430,Resso,Streaming,13,0.0123126349544541189066342024
672985397491,CAENV2043858,Pandora,Pandora,15,0.0832847322802566103499727798
628810560806,QM24S1832184,Boomplay,Streaming,9,0.0057123822504121585641312397
672985382947,CAENV2037872,Amazon,Music Premium Service,163,3.0419410130609271738160691730
628810842995,CALVP1902123,Kugou,Streaming,49,0.0137993762833894456464146652
,QM24S1919430,ITunes,Apple Music,24459,145.9668348359357943665508010803
628810943173,CALVP1951456,VKontakte,VKontakte,8592,0.3624282498450754875795393302
628810534333,QM24S1910617,Spotify,Spotify,86476,178.3096678786157051786678461059
672985491366,CAGOO2006319,MediaNet,Streaming,9,0.0211846881211783571549159759
628810534425,QM24S1825227,SoundtrackYourBrand,Streaming,21,0.0096550310506107451080599373
672985261242,CACWV2063398,Kuwo,Streaming,15,0.0064933909531423153006695861
628810699889,CAHQJ1930439,Deezer,Deezer,4626,21.8698808779015950721699127176
672985069411,CALVP2053160,BOOM App UMA,BOOM App UMA,11538,12.0637397851066376370223415692
628810909476,CALVP1934369,Amazon,Digital Music Store,5,3.5074924464723636786904352034
672985882980,CAENV2119873,QQMusic,Streaming,4,0.0051991066908222502470152538
672985609693,CAGOO2074915,BOOM App UMA,BOOM App UMA,48203,62.8855933602643426413033693183
628810561810,QM24S1919430,Rhapsody,Streaming,28,0.0998998111154868370458273620
672985093942,CALVP2068437,Amazon,Digital Music Store,1,0.6441365555393798223904498471
672985631182,USLZJ1888276,Amazon,Music Premium Service,292360,2636.4203502148683485095253506016
628810909476,CALVP1934369,Xiami,Xiami,41,0.0315182863481894728159920935
672985854369,CAENV2101722,Saavn,Saavn,2,0.0032215007205971492932985355
628810909476,CALVP1934369,VKontakte,VKontakte,9700,0.5288385663524496807112144490
672985397491,CAENV2043858,Xiami,Xiami,7,0.0030579005945840643749324772
672985093942,CALVP2068437,Tidal,Tidal,8,0.0571565494096378760188874257
,CAHQJ1951349,ITunes,iTunes Store,36,24.8328836052598242837896600544
,CAENV2095149,ITunes,iTunes Store,5,3.4021165973634787200211209716
672985559677,CAGOO2044001,AWA,Awa,1,0.0038067628657462185455466272
672985912496,CAENV2139579,Spotify,Spotify,57018,147.1729317648328919116481367553
628810629831,CAGOO1993534,Spotify,Spotify,141755,339.7473248088248148812693908198
672985722880,CAHQJ2117718,Amazon,Music Premium Service,3941,41.1489711188633730719042002539
672985954885,CAENV2164646,Netease,Netease,4,0.0005186103036452111583080189
692531247810,CACWV2122094,Amazon,Music Premium Service,4,0.0325562046716594317415814589
628810561599,QM24S1916116,Boomplay,Streaming,2,0.0005918668083289380901257293
672985382947,CAENV2037872,AWA,Awa,2,0.0070717025174155454127435624
672985069411,CALVP2053160,Xiami,Xiami,7,0.0009217951077722222922647249
628810534357,QM24S1820062,Tidal,Tidal,27,0.0870906613023159958828232999
628810534357,QM24S1820062,GooglePlay,Google Play Music Streaming,4,0.0248353913446150422535868601
672985770416,CAHQJ2147168,QQMusic,Streaming,126,0.1179063514497549127743357637
628810561810,QM24S1919430,Pandora,Pandora,66,0.2789021724851653495945994346
672985508989,CAGOO2015895,Spotify,Spotify,145368,342.6941988560725949670615773981
628810477371,CAGOO1916989,YouTube,Streaming,351,1.4409405569393244504323506590
628810534425,QM24S1825227,Spotify,Spotify,17551,58.0749060192025909538067083618
672985598324,CAGOO2068468,YouTube,Content ID,3230,1.9626365569114208463913816430
628810561858,QM24S1913190,MediaNet,Streaming,5,0.0094370401078278402005688277
628810560875,QM24S1904071,Pandora,Pandora,34,0.1502730937480435614158410669
628810742264,CAHQJ1951349,MediaNet,Streaming,2,0.0045884990609439461055937553
628810534425,QM24S1825227,TikTok,Streaming,2,0.0044620031206021146032878664
672985093942,CALVP2068437,Deezer,Deezer,167,0.3845906873312430218587934397
628810560851,,Amazon,Digital Music Store,2,1.3981196206105159288557720948
672985954885,CAENV2139579,YouTube,Streaming,1,0.0027251534128368569378209149
,QM24S1906868,ITunes,Apple Music,2546,15.2557405929929292471742177220
628810933068,CALVP1946334,Deezer,Deezer,226,1.3302526333217089690361111477
,QM24S1826608,ITunes,iTunes Store,17,12.6436223754083189896926386149
672985954885,CAENV2164647,Resso,Streaming,65,0.0709506952999361146776051791
672985631182,USLZJ1888276,Line,Streaming,909,4.7636080507005713659821878845
628810742141,CAHQJ1951322,Spotify,Spotify,154892,456.8017908650200837633159656550
628810560806,QM24S1832184,VKontakte,VKontakte,572436,103.6027508271623549881791201573
628810561858,QM24S1913190,Yandex,Streaming,103,0.1553758253100525599199781960
672985702912,CAHQJ2106266,Netease,Netease,119,0.0480678243467074512525939238
672985508989,CAGOO2015895,Boomplay,Streaming,1,0.0006350954879553524798472125
672985105386,CALVP2073121,Tidal,Tidal,35,0.1544858171345813713912407128
628810528974,CAGOO1942139,Deezer,Deezer,6529,24.1062421692442417704730483150
,CALVP2068437,ITunes,iTunes Store,6,3.5815946652039308111126790590
672985954885,CAENV2164647,Yandex,Streaming,66,0.0956079291299461853194614025
672985370258,CAENV2015336,QQMusic,Streaming,1,0.0013929735435683690672163214
672985105386,CALVP2073121,Amazon,Music Premium Service,60,2.0924420438931545694233759081
672985631182,USLZJ1888276,TikTok,Streaming,172030,320.5325995377497397564598308815
628810560813,QM24S1906868,Amazon,Digital Music Store,1,0.6980762455986970852261933087
672985637429,CAGOO2091608,VKontakte,VKontakte,171,0.0428305579470973697572330531
672985007505,CALVP2020125,Tidal,Tidal,587,3.2975191416720410329616322316
,CAENV2038021,ITunes,iTunes Store,3,1.4169372962905933149435973624
672985083943,CALVP2062669,GooglePlay,Google Play Download Store,2,0.8800848346749998299485962626
628810534425,QM24S1825227,Tidal,Tidal,7,0.0561931416718636571492969084
672985020382,CALVP2025588,Kuwo,Streaming,1,0.0001521332397764357383773620
628810612284,CAGOO1984027,Amazon,Music Premium Service,593,16.1818431699676606139614618012
628810477371,CAGOO1916989,Line,Streaming,8,0.0665553796136198633712222116
672985083943,CALVP2062669,QQMusic,Streaming,6787,5.2596498895864568635115748611
628810842995,CALVP1902123,Pandora,Pandora,97,0.3708496334819663472686096639
,CAGOO2132230,ITunes,iTunes Match,6,0.0079399654543889427817897040
628810965274,CALVP2002252,Yandex,Streaming,103,0.1841332939039041674626494700
628810534357,QM24S1820062,Resso,Streaming,25,0.0280158095084857543204194754
628810842995,,Amazon,Digital Music Store,1,0.6188118802671478801183189775
672985397491,CAENV2043858,KKBox,Kkbox,2,0.0050918692075509969292229637
628810560875,QM24S1904071,VKontakte,VKontakte,320,0.0264697745834729936242545441
672985491366,CAGOO2006319,BOOM App UMA,BOOM App UMA,23439,27.8335102465275355711497240242
628810534333,QM24S1910617,Deezer,Deezer,6319,14.2192851058869607557132319577
628810560806,QM24S1832184,Spotify,Spotify,5806008,15125.4019369300217901624707943210
672985678217,CAHQJ2016754,Tidal,Tidal,5,0.0310603997479312702785238653
,CALVP1902123,ITunes,iTunes Store,76,53.7741157280913706564474791592
672985705159,CAHQJ2107431,Tidal,Tidal,32,0.2552843889969226563194724521
672985151543,CACWV2000320,Rhapsody,Streaming,1,0.0046865651893361918463113736
628810909476,CALVP1934369,Line,Streaming,379,2.1869819663699943518601168894
628810561513,QM24S1915972,TDC Play Musik,Streaming,1,0.0068548432958820397453915780
672985781016,CAHQJ2153230,Kuwo,Streaming,1,0.0001521332065661061050354316
672985151543,CACWV2000320,Pandora,Pandora,9,0.0318326907685393075657519656
672985105386,CALVP2073121,Anghami,Streaming,93,0.1700861054683225743501377273
672985102477,CALVP2073075,SoundtrackYourBrand,Streaming,3,0.0029980306062427425109670738
628810561513,QM24S1915972,BOOM App UMA,BOOM App UMA,6168,6.7290175142120235489707049721
672985020382,CALVP2025588,TikTok,Streaming,34,0.0531073555091267672733055368
672985702912,CAHQJ2106266,Amazon,Digital Music Store,1,0.6995760487395020558409338842
628810560851,QM24S1826608,Deezer,Deezer,1609,12.2685022229277875803697085739
672985020382,CALVP2025588,Netease,Netease,3154,1.7384328730966289459041840194
,CAHQJ1930439,ITunes,Apple Music,9972,47.5445023317608066997291134103
672985102477,CALVP2073075,YouTube,Streaming,356,2.5946889131923144644290426699
628810561599,QM24S1916116,TikTok,Streaming,342,0.6218380690262643923220372424
628810528974,CAGOO1942139,IMusica,Streaming,13,1.4817079210636602210400788819
672985083943,CALVP2062669,Anghami,Streaming,217,0.2212955444613690472765340722
672985702912,CAHQJ2106266,Resso,Streaming,1,0.0000004629494028258184821898
672985559677,CAGOO2044001,Amazon,Digital Music Store,1,0.6988414882207182218277303155
672985545014,CAGOO2036067,Amazon,Music Premium Service,69,0.3994322515462702476740063217
672985678217,CAHQJ2016754,Boomplay,Streaming,1,0.0002901701527389495853717059
672985453845,CAENV2080948,Saavn,Saavn,42,0.0735757467653478269817948605
628810561544,QM24S1920887,YouTube,Content ID,40,0.1382186169625672893375205811
672985151543,CACWV2000320,Anghami,Streaming,6,0.0085989574565645148357017711
628810534425,QM24S1825227,OK.ru,OK.ru,5,0.0000837233206877538018804646
672985631182,USLZJ1888276,IHeartRadio,IHeartRadio,5,0.0104529823405253669418902343
672985705159,CAHQJ2107431,Amazon,Music Premium Service,214,2.5732012788856823447072030947
672985598324,CAGOO2068468,QQMusic,Streaming,35,0.0250613484189572092545640172
,,,,0,0
672985722880,CAHQJ2117718,BOOM App UMA,BOOM App UMA,215487,268.9332139828328937103911786992
628810846559,CALVP1903197,Amazon,Digital Music Store,8,5.4037832152361661372806408403
672985020382,CALVP2025588,Saavn,Saavn,58,0.1162186033514566135079212809
628810528974,CAGOO1942139,GooglePlay,Google Play Music Streaming,496,2.2268879522418603213982912228
,CAHQJ2147168,ITunes,iTunes Store,18,12.3450894542772251519527716566
692531139849,CAGOO2163741,Spotify,Spotify,57557,133.4323943131681086492478853911
672985382947,CAENV2037872,YouTube,Streaming,1143,8.6198814630905457030535843830
628810561513,QM24S1915972,VKontakte,VKontakte,20781,1.7306013045001693799594401429
672985382008,CAENV2037366,Kuwo,Streaming,2,0.0003011325918098209390941829
628810909476,CALVP1934369,Netease,Netease,3331,2.1739181697363466259177423834
628810965274,CALVP2002252,Resso,Streaming,157,0.1462042152300863132492996276
628810534425,QM24S1825227,Anghami,Streaming,5,0.0124693447527055153635360237
692531021106,CAGOO2100165,Kugou,Streaming,2,0.0022337249483635230851912869
672985559677,CAGOO2044001,IMusica,Streaming,1,0.0090259709844464121845234275
692531160546,CAGOO2175180,VKontakte,VKontakte,388,0.1194153169581005685993073771
672985705159,CAHQJ2107431,Deezer,Deezer,411,1.3065130988863408874657554318
672985083943,CALVP2062669,YouTube,Streaming,18280,102.6786735386267149581641739291
672985912496,CAENV2139579,Saavn,Saavn,2,0.0020827588872053958255536900
672985183742,CACWV2018984,QQMusic,Streaming,467,0.3114316341345579721311026725
628810560813,QM24S1906868,Line,Streaming,3,0.0086923724795403579876466480
672985812512,CAHQJ2173685,Tidal,Tidal,2,0.0061832855059996997547547589
628810561858,QM24S1913190,GooglePlay,Google Play Locker,14,0.0042766539527361771521268819
628810534401,QM24S1831517,BOOM App UMA,BOOM App UMA,8958,9.6434901270746734884347598773
672985083943,CALVP2062669,Amazon,Music Premium Service,1621,28.5114025018866141747252825399
,CAGOO2074915,ITunes,iTunes Store,10,6.5504980585680958387352868527
672985702912,CAHQJ2106266,Yandex,Streaming,22,0.0401540597607631104411029063
672985102477,CALVP2073075,Anghami,Streaming,1,0.0007888320459238898870138373
628810742141,CAHQJ1951322,KKBox,Kkbox,126,0.7077535320065688870673331048
672985545014,CAGOO2036067,Kuwo,Streaming,1,0.0001489993852437148340587513
672985631182,USLZJ1888276,Rhapsody,Streaming,7428,38.4963262079932375652875955106
672985559677,CAGOO2044001,QQMusic,Streaming,603,0.5232954513754585177245293755
672985370258,CAENV2030178,Pandora,Pandora,8,0.0439338311995682462353394388
692531021106,CAGOO2100165,YouTube,Streaming,759,5.4353773488891465058663712828
672985383128,CAENV2038021,Netease,Netease,1740,0.6738381580191360621976584443
628810534401,QM24S1831517,QQMusic,Streaming,9,0.0049555963576907621779211223
672985382947,CAENV2037872,MediaNet,Streaming,5,0.0122333909237639347511340571
672985183742,CACWV2018984,Yandex,Streaming,605,0.8534405217450752870464196603
672985812512,CAHQJ2173685,Amazon,Digital Music Store,1,0.6997877027395095116754744756
672985545014,CAGOO2036067,Anghami,Streaming,14,0.0308391854339234297370607344
672985637429,CAGOO2091608,Netease,Netease,266,0.1670976468274136501657211975
672985151543,CACWV2000320,Xiami,Xiami,1,0.0001281712857548564624376184
672985102477,CALVP2073075,Amazon,Digital Music Store,2,1.7540458773524953296064587384
628810534425,QM24S1825227,YouTube,Content ID,321,1.3754928881541412616411548406
628810842995,CALVP1902123,AWA,Awa,2404,23.8138840947928475504986486539
672985781016,CAHQJ2153230,Yandex,Streaming,142,0.2375894446147699110396297135
,CAHQJ1951322,ITunes,iTunes Store,41,28.6275850580571300494734722496
628810534333,QM24S1910617,Pandora,Pandora,16,0.0551484487155714761250798262
628810534333,QM24S1910617,YouTube,Content ID,4256,2.6706589328685919947730493473
672985477858,CAENV2095149,MediaNet,Streaming,1,0.0024698841720193626557025149
628810561858,QM24S1913190,TikTok,Streaming,23,0.0470090334001994740077723869
672985020382,CALVP2025588,Amazon,Music Premium Service,1022,15.6882319374084414559703591693
672985397491,CAENV2043858,QQMusic,Streaming,4,0.0019147479914774200385924036
672985382947,CAENV2037872,Resso,Streaming,30,0.0298475942807549647537699715
628810846559,CALVP1903197,Pandora,Pandora,797,2.7933108378100647285909406728
,CAENV2030178,ITunes,iTunes Store,6,3.7806382431417392471784021009
672985812512,CAHQJ2173685,QQMusic,Streaming,81,0.0827031402268986204253555232
672985637429,CAGOO2091608,TikTok,Streaming,8,0.0109088276185716297353712970
628810933068,CALVP1946334,Amazon,Music Premium Service,335,4.3106835443235779842020961691
,CAENV2037872,ITunes,Apple Music,1830,8.9535542877501561471208178590
628810534425,QM24S1825227,Pandora,Pandora,4,0.0156292939066823318227142349
692531033765,CAGOO2106771,YouTube,Content ID,810,1.5396189478085560947553739292
692531160546,CAGOO2175180,YouTube,Streaming,122,0.6416626375609683899649685027
628810561810,QM24S1919430,Netease,Netease,591,0.3811862421129977136786516294
672985929517,CAENV2149514,OK.ru,OK.ru,1,0.0003060807864462964647333097
628810742264,CAHQJ1951349,IMusica,Streaming,6,0.0767114352800285816517074737
672985007505,CALVP2020125,Amazon,Digital Music Store,2,1.3970563424486841153370105352
672985261242,CACWV2063398,Rhapsody,Streaming,118,0.5157911752584074982272870724
628810846559,CALVP1903197,Anghami,Streaming,406,0.5103734966701281316374316234
628810933068,CALVP1946334,Rhapsody,Streaming,1,0.0044680303775274518169060175
672985069411,CALVP2053160,Amazon,Music Premium Service,401,3.7855273173201407534916268710
,CAHQJ2153230,ITunes,Apple Music,2917,17.2410172140332763337613030019
628810842995,CALVP1902123,BOOM App UMA,BOOM App UMA,9125,8.9504619566484658103975435916
672985854369,CAENV2101722,Resso,Streaming,74,0.0537531180567296004086736171
628810561810,QM24S1919430,QQMusic,Streaming,36,0.0321596782437148525699372268
672985829381,CAHQJ2184062,Spotify,Spotify,187368,492.2646998840911426337776222376
672985799073,CAHQJ2165143,TikTok,Streaming,3,0.0047223729238546282814425960
692531149893,CAGOO2169181,Resso,Streaming,26,0.0264635838725956851823530397
672985183742,CACWV2018984,Anghami,Streaming,36,0.0515414439019466667585425016
672985722880,CAHQJ2117718,Spotify,Spotify,668434,1639.3958999449366645704530683158
628810943173,CALVP1951456,Netease,Netease,17625,6.3328266028901219854650304116
,CALVP2025588,ITunes,iTunes Match,112,0.0710929861236948162685554771
628810612284,CAGOO1984027,Deezer,Deezer,2768,10.5440527788340139523545024866
628810629831,CAGOO1993534,Kuwo,Streaming,14,0.0019198558534690082165890826
628810477371,CAGOO1916989,QQMusic,Streaming,40,0.0286449651219348769590295083
672985637429,CAGOO2091608,TDC Play Musik,Streaming,200,1.2096008234898001696971841794
672985383128,CAENV2038021,YouTube,Content ID,103,0.2967788535786129995391927602
628810943173,CALVP1951456,Kugou,Streaming,30,0.0207442747738614182272301564
672985151543,CACWV2000320,Kuwo,Streaming,25,0.0102467921345901812182510300
628810742141,CAHQJ1951322,MediaNet,Streaming,22,0.0388471968157915313471665901
672985083943,CALVP2062669,Deezer,Deezer,8445,36.2880634817762988683894636019
672985829381,CAHQJ2184062,BOOM App UMA,BOOM App UMA,486,0.6107799909222616976677609798
628810528974,CAGOO1942139,AWA,Awa,1453,13.6051867262422553583932649629
628810477371,CAGOO1916989,Anghami,Streaming,3,0.0021178598874129953925572653
672985861015,CAENV2106588,Deezer,Deezer,144,0.5690665588471253882069848362
628810534333,QM24S1910617,Kuwo,Streaming,49,0.0145822983244296343508751880
672985812512,CAHQJ2173685,BOOM App UMA,BOOM App UMA,28,0.0367845927046368833437413197
672985183742,CACWV2018984,Netease,Netease,303,0.3287611880829547530949852452
,CAGOO1916989,ITunes,iTunes Store,8,5.2019716793900971719798829582
672985829381,CAHQJ2184062,Amazon,Music Premium Service,212,3.7880477480194363241323045061
628810560851,QM24S1826608,Netease,Netease,2489886,1179.9879403965578742819605832848
628810629831,CAGOO1993534,Amazon,Music Premium Service,269,4.5951545773622330272089513207
628810561858,QM24S1913190,Pandora,Pandora,12,0.0414200358932362786278776960
628810742264,CAHQJ1951349,Tidal,Tidal,786,5.3251494063513563454419425842
672985093942,CALVP2068437,GooglePlay,Google Play Music Streaming,70,0.5188775142443321252614042408
672985631182,USLZJ1888276,Xiami,Xiami,1339,0.5090823706112652480856162122
672985954885,CAENV2164647,Tidal,Tidal,15,0.1331201625894177402024327159
628810560813,QM24S1906868,KKBox,Kkbox,14,0.0625517982865539402285035283
672985631182,USLZJ1888276,KKBox,Kkbox,1049,4.2467872241604441504238296634
672985453845,CAENV2080948,YouTube,Streaming,2052,10.6272499261428095949406884829
672985637429,CAGOO2091608,Pandora,Pandora,2,0.0068953782585207090646810201
672985382008,CAENV2037366,TikTok,Streaming,5961,12.9206963758823114547816054169
,CAGOO2175180,ITunes,Apple Music,960,5.6876259706864579418034180921
672985093942,CALVP2068437,QQMusic,Streaming,804,0.5422383209949611027785792507
672985397491,CAENV2043858,Resso,Streaming,65,0.0761783974060403805599577880
628810742264,CAHQJ1951349,Kugou,Streaming,29,0.0206163851177994919498121383
672985581159,CAGOO2057827,Netease,Netease,254,0.1609010348122813825207690032
672985477858,CAENV2095149,AWA,Awa,1,0.0105275530043489437080693337
672985854369,CAENV2101722,AWA,Awa,19,0.1594946317115543861092626157
672985069411,CALVP2053160,OK.ru,OK.ru,104,0.0016883608367278689456478653
628810846559,CALVP1903197,TikTok,Streaming,915,1.4949422814396379154801582947
672985007505,CALVP2020125,OK.ru,OK.ru,59,0.0048251233217437120554716927
,CAENV2149514,ITunes,Apple Music,3488,21.2961965786593024176355441713
692531160546,CAGOO2175180,Netease,Netease,19,0.0055279807904317396480529860
628810560806,QM24S1832184,SoundtrackYourBrand,Streaming,33,0.0325549965867042340347652424
628810742264,CAHQJ1951349,Anghami,Streaming,151,0.2428629292348076736931005461
628810629831,CAGOO1993534,AWA,Awa,13,0.1308304740758100192818523895
628810528974,CAGOO1942139,YouTube,Content ID,6626,9.6845407229707897970286554654
628810560851,QM24S1826608,Xiami,Xiami,484,0.1963676330169554421207124044
628810561599,QM24S1916116,AWA,Awa,1,0.0111344615516844209398871816
,CAENV2149514,ITunes,iTunes Store,16,11.2855640949290784598301005680
672985598324,CAGOO2068468,Resso,Streaming,25,0.0237792341155704046445977786
672985545014,CAGOO2036067,Kugou,Streaming,2,0.0003042664131322122199208605
672985183742,CACWV2018984,Kugou,Streaming,29,0.0134164122605846502122606627
672985829381,CAHQJ2184062,Pandora,Pandora,2,0.0085099807812160323894557774
672985382008,CAENV2037366,Xiami,Xiami,3,0.0003845151667414039741626291
692531021106,CAGOO2100165,Pandora,Pandora,9,0.0251187907160963484490676347
672985545014,CAGOO2036067,Rhapsody,Streaming,6,0.0280501651852230829208678073
672985637429,CAGOO2091608,Tidal,Tidal,13,0.0709339233391202201844735014
672985974739,CAENV2176626,Amazon,Music Premium Service,134,1.6695276613678845580032310841
672985799073,CAHQJ2165143,Deezer,Deezer,444,1.2751612204774229248177901209
,CAHQJ2016754,ITunes,iTunes Store,1,0.7000000000000000000000000000
628810534425,,Amazon,Digital Music Store,1,1.0791916876941409788563149578
692531225290,CACWV2110484,Amazon,Music Premium Service,13,0.3115890645440203277247352563
628810561858,QM24S1913190,Kugou,Streaming,7,0.0034668270124392029684522317
672985105386,CALVP2073121,Deezer,Deezer,187,0.5319236372093363160805906765
628810534401,QM24S1831517,Amazon,Music Premium Service,135,1.5953809232170790547012117142
628810943173,CALVP1951456,MediaNet,Streaming,7,0.0161215397900984532923250955
672985261242,CACWV2063398,GooglePlay,Google Play Locker,5,0.0007103565422350763501825187
692531139849,CAGOO2163741,Netease,Netease,7,0.0009256152729913571381864617
628810629831,CAGOO1993534,Rhapsody,Streaming,2,0.0114166675210287408540894376
,CALVP2002252,ITunes,iTunes Store,15,8.8262876707702879876582792464
,CALVP2068437,ITunes,Apple Music,1364,8.4815241278904058526584303886
628810477371,CAGOO1916989,Rhapsody,Streaming,4,0.0171553404017396485232605485
672985491366,CAGOO2006319,Yandex,Streaming,320,0.5039983202847361974177111489
628810560851,QM24S1826608,GooglePlay,Google Play Locker,12,0.0027221709004835002025410051
628810629831,CAGOO1993534,Xiami,Xiami,2,0.0005552260499465557003215687
628810846559,CALVP1903197,Amazon,Music Premium Service,12599,164.2805227427169876625487651082
628810534401,QM24S1831517,IMusica,Streaming,1,0.0097003108093724516360117852
672985007505,CALVP2020125,MediaNet,Streaming,1,0.0024698841720193626557025149
692531193681,CAGOO2193164,YouTube,Streaming,30,0.3564753236515014656675620904
672985020382,CALVP2025588,Pandora,Pandora,342,1.1628451835253681475816030287
672985929517,CAENV2149514,VKontakte,VKontakte,1560,0.4794920627295658482794841385
672985929517,CAENV2149514,Kugou,Streaming,671,0.4215798942637493382455810289
628810534357,QM24S1820062,YouTube,Content ID,46,0.1016961890078936398404514204
672985631182,USLZJ1888276,Boomplay,Streaming,363,0.1676207945815126033476261817
672985882980,CAENV2119873,Yandex,Streaming,68,0.1108514351845929533942074412
672985770416,CAHQJ2147168,Yandex,Streaming,91,0.1334082262495272034705860187
628810699889,CAHQJ1930439,Resso,Streaming,21,0.0247049541563941955028949975
628810965274,CALVP2002252,KKBox,Kkbox,45,0.1633300792673543656395839870
,CAGOO2036067,ITunes,Apple Music,1676,13.6065985260469400231464945746
,USLZJ1888276,ITunes,iTunes Match,2616,1.3265939848591057401674186196
672985020382,CALVP2025588,MediaNet,Streaming,1,0.0024698841720193626557025149
672985929517,CAENV2149514,QQMusic,Streaming,834,0.8232164374261520930671424276
628810534401,QM24S1831517,GooglePlay,Google Play Locker,1,0.0003219345293083052949823068
628810699889,CAHQJ1930439,VKontakte,VKontakte,70867,5.8741398970971034018482661924
628810965274,CALVP2002252,Anghami,Streaming,15,0.0092514307993135510391376695
628810534425,QM24S1825227,VKontakte,VKontakte,93,0.0067183310950957273617552061
672985382947,CAENV2037872,BOOM App UMA,BOOM App UMA,1249,1.3486080837493292130455581531
692531080790,CAGOO2132230,Yandex,Streaming,80,0.1260637669171269791663551165
672985453845,CAENV2080948,IMusica,Streaming,2,0.0077558769863360086134180941
628810560851,QM24S1826608,Resso,Streaming,47,0.0441454955826373344821815233
672985929517,CAENV2149514,SevenDigital,Streaming,1,0.0550098439603566484270449809
628810534357,QM24S1820062,Xiami,Xiami,3,0.0043176047121559535196751633
628810560875,QM24S1904071,Netease,Netease,2407,1.2588575312766870487086073468
628810560813,QM24S1906868,Anghami,Streaming,18,0.0131395428333608627806948350
672985508989,CAGOO2015895,Amazon,Digital Music Store,2,1.4260411038452054855994518233
628810742141,CAHQJ1951322,Deezer,Deezer,1458,6.7095176888340578330532394290
,QM24S1906868,ITunes,iTunes Match,49,0.0315893864450242148278590319
628810561810,QM24S1919430,BOOM App UMA,BOOM App UMA,4821,5.5636066021897938368744159759
672985559677,CAGOO2044001,BOOM App UMA,BOOM App UMA,7128,8.8679533518320328342554960652
672985508989,CAGOO2015895,Amazon,Music Premium Service,78,1.8066418865744195268675924634
628810477371,CAGOO1916989,Spotify,Spotify,136420,332.7360665739378129664946589303
,CACWV2018984,ITunes,Apple Music,15148,55.5420952984456636593221128742
672985261242,CACWV2063398,Tidal,Tidal,293,0.8851836997426725851969190837
628810612284,CAGOO1984027,AWA,Awa,2,0.0219667239614675061310438207
672985261242,CACWV2063398,Resso,Streaming,12,0.0109751687228845537342656194
672985102477,CALVP2073075,Deezer,Deezer,1174,5.1437670621161356522779448121
672985559677,CAGOO2044001,Kuwo,Streaming,5,0.0007606660328305304759271722
672985598324,CAGOO2068468,TikTok,Streaming,138,0.2903870786659889526296711635
,CALVP2073121,ITunes,Apple Music,5016,32.2593602292052422291726991885
628810477371,CAGOO1916989,Yandex,Streaming,42,0.0715369777643024404800578302
672985508989,CAGOO2015895,Xiami,Xiami,16,0.0020506381756357527172318073
672985954885,CAENV2164646,YouTube,Streaming,7,0.0348089499021813750429743603
672985083943,CALVP2062669,Kuwo,Streaming,497,0.2852931144323082304149967238
672985397491,CAENV2043858,Spotify,Spotify,110007,291.3788831137321290906785392595
672985631182,USLZJ1888276,YouTube,Content ID,2826580,1021.5662328355777892868954996538
672985545014,CAGOO2036067,YouTube,Content ID,144,0.6045673744128566795316655692
672985929517,CAENV2149514,Tidal,Tidal,118,0.8706985159000725092198861621
672985069411,CALVP2053160,Spotify,Spotify,47477,148.2000264328394711680218945981
672985491366,CAGOO2006319,Kuwo,Streaming,34,0.0105059826177869394998259839
628810561599,QM24S1916116,Amazon,Music Premium Service,33,0.2902864707101782671271049908
672985781016,CAHQJ2153230,TikTok,Streaming,20,0.0455781321841475744709231373
628810477371,CAGOO1916989,Saavn,Saavn,9,0.0079884157640037330337180021
628810842995,CALVP1902123,Deezer,Deezer,5928,22.1310184023328640177567470973
672985069411,CALVP2053160,Saavn,Saavn,2,0.0050505216125689134211240875
672985382008,CAENV2037366,Spotify,Spotify,54896,109.6933005396688982115204526573
672985609693,,Amazon,Digital Music Store,3,2.0950155528702469099107626665
672985854369,CAENV2101722,Yandex,Streaming,8,0.0068909854702721395268466643
672985261242,CACWV2063398,GooglePlay,Google Play Music Streaming,94,0.5306403385141960910341115036
692531139849,CAGOO2163741,BOOM App UMA,BOOM App UMA,101,0.1268775967443806728880085973
672985370258,CAENV2030178,Boomplay,Streaming,1,0.0002957669253460866359469581
672985882980,CAENV2119873,BOOM App UMA,BOOM App UMA,486,0.4871610512010353354527138294
672985093942,CALVP2068437,KKBox,Kkbox,30,0.1272513802475845043731199471
672985974739,CAENV2176626,Spotify,Spotify,135556,314.4184653008915458822887359259
692531033765,CAGOO2106771,VKontakte,VKontakte,999,0.3132167308081726629324694520
692531064653,CAGOO2122549,Saavn,Saavn,2,0.0028503450611253887317036298
628810477371,CAGOO1916989,Tidal,Tidal,25,0.1546724056015074078561769603
672985508989,CAGOO2015895,Tidal,Tidal,44,0.2505358819751516218776969126
692531149893,CAGOO2169181,QQMusic,Streaming,183,0.1846075454432830806831518998
628810534357,QM24S1820062,Yandex,Streaming,360,0.6096642620343016597863210105
,CAENV2119873,ITunes,Apple Music,4446,26.1737764617334311931889231183
672985453845,CAENV2080948,KKBox,Kkbox,69,0.2472455427175233531389276356
692531149893,CAGOO2169181,Netease,Netease,120,0.0903561343060926855049774406
672985007505,CALVP2020125,GooglePlay,Google Play Music Streaming,89,0.4800492276186013097925814307
672985812512,CAHQJ2173685,Resso,Streaming,26,0.0273063698148025739679776478
672985069411,CALVP2053160,Kugou,Streaming,7,0.0022337056877978500300267140
628810943173,CALVP1951456,Line,Streaming,76,0.7968666595314214869013668547
,QM24S1913190,ITunes,iTunes Match,40,0.0195061573619527523484943528
628810477371,CAGOO1916989,KKBox,Kkbox,25,0.1212988427604449966054654150
672985559677,CAGOO2044001,VKontakte,VKontakte,22584,3.7550990912505862211768936534
672985829381,CAHQJ2184062,Tidal,Tidal,46,0.2933247527214854361990153288
,CAGOO2193164,ITunes,iTunes Match,2,0.0011961523551447940896603068
672985722880,CAHQJ2117718,Kuwo,Streaming,2161,1.1076007388026070769308117921
628810528974,CAGOO1942139,Tidal,Tidal,658,3.2441992658264075518548278204
672985069411,CALVP2053160,TikTok,Streaming,79,0.1142861650168331294306062006
628810965274,CALVP2002252,Kuwo,Streaming,1,0.0021453820376233546730786564
672985974739,CAENV2176626,KKBox,Kkbox,48,0.1838622515117072380409505308
628810933068,CALVP1946334,TikTok,Streaming,4,0.0128723552418192175142068640
692531149893,CAGOO2169181,Kugou,Streaming,2,0.0025293174497890671071869584
672985705159,,Amazon,Digital Music Store,1,0.6995327786126000852266355664
672985382947,CAENV2037872,Spotify,Spotify,93223,209.2649754296599976695187039019
628810534333,QM24S1910617,KKBox,Kkbox,15,0.0623827444638913353052004180
672985261242,CACWV2063398,Anghami,Streaming,44,0.0399810676977227704378574591
628810560851,QM24S1826608,Yandex,Streaming,308,0.3957925295890652958111707794
628810943173,CALVP1951456,GooglePlay,Google Play Download Store,1,0.6420936623243786398325992141
672985545014,CAGOO2036067,Line,Streaming,25,0.2050138261630580709582097316
672985453845,CAENV2080948,VKontakte,VKontakte,14427,3.9549807639467221675113763118
672985559677,CAGOO2044001,Resso,Streaming,240,0.2292861292692572544254467600
672985705159,CAHQJ2107431,Resso,Streaming,0,0.0000000000000000000000000000
692531149893,CAGOO2169181,Amazon,Music Premium Service,22,0.2465122052850473607920817753
672985382947,CAENV2037872,GooglePlay,Google Play Music Streaming,23,0.0855634639931043206376113218
628810842995,CALVP1902123,OK.ru,OK.ru,3,0.0000480030798967421023252465
628810909476,CALVP1934369,OK.ru,OK.ru,15,0.0010730578550792593279324215
,CALVP2053160,ITunes,iTunes Store,5,1.5276557666839631546989227833
692531139849,CAGOO2163741,Amazon,Music Premium Service,2,0.0205364283353930016563335108
672985383128,CAENV2038021,Line,Streaming,2,0.0182663424353845843218414012
672985799073,CAHQJ2165143,Anghami,Streaming,1,0.0038447007448919553230595221
672985083943,CALVP2062669,Pandora,Pandora,206,0.7750171044661090103799642688
672985020382,CALVP2025588,GooglePlay,Google Play Download Store,1,0.7453858824099999440385164238
628810561599,QM24S1916116,VKontakte,VKontakte,101118,10.8662888972705517449529475301
628810629831,CAGOO1993534,YouTube,Streaming,1435,8.5041671666281385881347971439
672985020382,CALVP2025588,SoundtrackYourBrand,Streaming,1,0.0040827073385702938441828624
672985083943,,Amazon,Digital Music Store,2,1.3326729619273558105810904771
672985631182,USLZJ1888276,OK.ru,OK.ru,26483,6.7703327766471112533757685134
672985954885,CAENV2139579,Netease,Netease,1,0.0001270743985381259879845149
672985383128,CAENV2038021,Saavn,Saavn,1,0.0013136934873746858194957008
628810561599,QM24S1916116,GooglePlay,Google Play Music Streaming,378,1.1119297611430450340121799984
628810612284,CAGOO1984027,MediaNet,Streaming,3,0.0065910840135356510281064781
628810534425,QM24S1825227,Amazon,Music Premium Service,86,1.3443318827916861727197729976
672985954885,CAENV2164646,TikTok,Streaming,5,0.0100201585466343237537234978
,CAGOO2175180,ITunes,iTunes Match,12,0.0071373615863637329706063633
628810842995,CALVP1902123,TikTok,Streaming,71,0.1234048907219754597004536099
,CAENV2101722,ITunes,iTunes Store,7,5.1823482302700651602331277305
628810742264,CAHQJ1951349,Xiami,Xiami,6,0.0033552945282527948260367713
,CAGOO1942139,ITunes,iTunes Match,12963,11.5656196325777891224317400041
672985102477,CALVP2073075,Tidal,Tidal,37,0.2887087760669557398515207848
672985678217,CAHQJ2016754,Anghami,Streaming,2,0.0015756454371435285985830310
692531089960,CAGOO2136880,Deezer,Deezer,33,0.1448295572737785392546226424
672985974739,CAENV2176626,OK.ru,OK.ru,15,0.0045997315303428076736003409
672985912496,CAENV2139579,Yandex,Streaming,1,0.0003172531954809174880354397
692531033765,CAGOO2106771,QQMusic,Streaming,54,0.0770704946515651507941894102
628810909476,CALVP1934369,QQMusic,Streaming,795,0.5953004407368899847205541234
628810742141,CAHQJ1951322,Pandora,Pandora,222,0.8839176688141529551511920854
628810561810,QM24S1919430,Deezer,Deezer,874,4.3622592213325377827318409231
628810560851,QM24S1826608,GooglePlay,Google Play Music Streaming,456,2.6257059100523873630151045296
672985722880,CAHQJ2117718,Tidal,Tidal,947,5.9479096884153266979053111855
672985261242,CACWV2063398,Kugou,Streaming,48,0.0301596752592530579253098846
628810534425,QM24S1825227,Netease,Netease,612,0.3244817970179209531168624540
,CALVP1951456,ITunes,iTunes Store,11,8.3626645271991424537036718230
628810561544,QM24S1920887,OK.ru,OK.ru,56,0.0039676216153114214721207879
692531080790,CAGOO2132230,YouTube,Streaming,767,5.5538581781076084706094235539
628810534333,QM24S1910617,SevenDigital,Download,1,0.6828740086393600173260960786
672985722880,CAHQJ2117718,IHeartRadio,IHeartRadio,4,0.0691509211232334123167684996
672985102477,CALVP2073075,Amazon,Music Premium Service,178,1.6906441776379371123764068686
,CAENV2095149,ITunes,Apple Music,1644,9.2696437656655711988631137403
628810534357,QM24S1820062,YouTube,Streaming,273,1.6701102868346084303974998371
628810842995,CALVP1902123,VKontakte,VKontakte,29837,2.1917523729411726490001364568
672985722880,CAHQJ2117718,Rhapsody,Streaming,302,1.3166636529525189864859624598
672985929517,CAENV2149514,YouTube,Content ID,419,0.4862241185220156962306289622
672985812512,CAHQJ2173685,VKontakte,VKontakte,139,0.0415040938340162696611864345
,CAGOO2044001,ITunes,Apple Music,1227,4.1007365352190754819508748409
692531080790,CAGOO2132230,QQMusic,Streaming,13,0.0165873735686876157665683578
692531193681,CAGOO2193164,Deezer,Deezer,14,0.0945154098548324812752851902
628810561858,QM24S1913190,Line,Streaming,5,0.0421613305679118410335373186
672985508989,,Amazon,Digital Music Store,1,0.6986233767471334742078192487
672985882980,CAENV2119873,Deezer,Deezer,398,1.4856817456687931236138544749
672985383128,CAENV2038021,YouTube,Streaming,998,6.3680476135894940843488156435
,CALVP2020125,ITunes,iTunes Store,23,15.1167081446546439275169450639
628810561513,QM24S1915972,MediaNet,Streaming,7,0.0157391219598897750939360494
628810534401,QM24S1831517,Pandora,Pandora,25,0.0785987346746929905397097338
,QM24S1825227,ITunes,iTunes Store,3,2.4048402221997158013862683524
672985508989,CAGOO2015895,Anghami,Streaming,10,0.0052302127924107415289181725
,CAGOO2122549,ITunes,iTunes Store,6,4.1766426685636041630725049768
628810560851,QM24S1826608,KKBox,Kkbox,95,0.3900071963219119042449776060
672985151543,CACWV2000320,Saavn,Saavn,5,0.0057360717134114398538903928
672985151543,CACWV2000320,Yandex,Streaming,410,0.6595611702573396753147833205
672985799073,CAHQJ2165143,Boomplay,Streaming,2,0.0010847911277569995460133413
672985559677,CAGOO2044001,Amazon,Music Premium Service,12,0.3796542814960272711975525396
672985453845,CAENV2080948,TikTok,Streaming,496,1.0476797179202028221023888512
628810560806,QM24S1832184,Line,Streaming,38,0.2307258722099222251693956339
672985974739,,Amazon,Digital Music Store,2,1.4185341827793177358375224776
692531064653,CAGOO2122549,BOOM App UMA,BOOM App UMA,130,0.1898210870287732341872146791
628810842995,CALVP1902123,Saavn,Saavn,573,0.7628448971904168088640247127
672985102477,CALVP2073075,YouTube,Content ID,102,0.2317739139871959797334087457
672985861015,CAENV2106588,Tidal,Tidal,21,0.1278996948651758989996181522
628810528974,CAGOO1942139,OK.ru,OK.ru,346,0.0530660196195390608051093726
628810560806,QM24S1832184,Kuwo,Streaming,39,0.0059051633459055456140657069
672985609693,CAGOO2074915,Spotify,Spotify,275155,703.5498982899814738325553712177
672985861015,CAENV2106588,VKontakte,VKontakte,585,0.1794462314302582734404249918
628810534333,QM24S1910617,YouTube,Streaming,6105,29.1332448223506756440087721825
628810629831,CAGOO1993534,Netease,Netease,3411,2.0892047368856438270913292342
672985007505,,Amazon,Digital Music Store,1,0.6990911649943051651935161166
672985370258,CAENV2030178,Spotify,Spotify,73875,155.1528658990378497392949411380
672985781016,CAHQJ2153230,OK.ru,OK.ru,1,0.0002722025632897751645201452
628810561858,QM24S1913190,YouTube,Content ID,202,0.4376291713806948779872739181
672985102477,CALVP2073075,VKontakte,VKontakte,3385,0.2131357657291063818386725200
,CAGOO2015895,ITunes,iTunes Store,10,7.0515170966177724922727220040
628810699889,CAHQJ1930439,IHeartRadio,IHeartRadio,4,0.0558901903237667015183264505
672985854369,CAENV2101722,Rhapsody,Streaming,2,0.0125377208271941585741479708
628810933068,CALVP1946334,Spotify,Spotify,37083,110.3313607009967610562032386428
628810742141,CAHQJ1951322,TDC Play Musik,Streaming,1,0.0052610191111108100623180556
672985508989,CAGOO2015895,TDC Play Musik,Streaming,120,0.7167779759215491700380113928
628810699889,CAHQJ1930439,YouTube,Content ID,577,1.1623344303323128779776766968
628810560813,QM24S1906868,Amazon,Music Premium Service,335,5.1430521763291901377900017676
628810560875,QM24S1904071,Deezer,Deezer,166,0.5146209234413698983243909243
628810560806,QM24S1832184,Pandora,Pandora,9306,37.2574186588587259943012549818
,CAENV2101722,ITunes,iTunes Match,20,0.0161741590599470638236158032
672985069411,CALVP2053160,Netease,Netease,440,0.2698581885463117225970252104
672985477858,CAENV2095149,Xiami,Xiami,6,0.0073051958284743587988532303
672985151543,CACWV2000320,YouTube,Streaming,190,1.3008022051500424508050392330
,CAHQJ2184062,ITunes,iTunes Match,23,0.0155560904348769534152448735
,CAHQJ2165143,ITunes,iTunes Store,1,0.7000000000000000000000000000
628810846559,CALVP1903197,Yandex,Streaming,708336,1098.4702037071305003958000108120
628810528974,CAGOO1942139,Pandora,Pandora,231,0.8784813175084421655323176866
672985705159,CAHQJ2107431,VKontakte,VKontakte,17090,4.7966682210355981969431176972
672985020382,CALVP2025588,QQMusic,Streaming,89,0.0848957756483889601821984296
628810612284,CAGOO1984027,VKontakte,VKontakte,44967,3.0097991721452398744502865454
628810842995,CALVP1902123,GooglePlay,Google Play Music Streaming,1921,13.1920230925651665255605799100
628810909476,CALVP1934369,Pandora,Pandora,5,0.0171559470636830459951327968
628810612284,CAGOO1984027,Amazon,Digital Music Store,1,0.5734152664426308209313490158
672985069411,CALVP2053160,KKBox,Kkbox,7,0.0290747974407097354702623715
628810534425,QM24S1825227,Kuwo,Streaming,35,0.0421036976147387411542620159
672985020382,CALVP2025588,BOOM App UMA,BOOM App UMA,3621,3.6259109463431851349564718428
692531247810,CACWV2122094,Spotify,Spotify,636,1.9332433463417574185375942649
672985370258,CAENV2030178,Deezer,Deezer,612,2.0558818447903722994519870375
672985974739,CAENV2176626,YouTube,Content ID,1276,1.7198529763290650951643622937
672985491366,CAGOO2006319,Amazon,Music Premium Service,293,2.9364641653453450134818264655
672985453845,CAENV2080948,Deezer,Deezer,266,1.0336772427330842355867606303
,CAGOO1993534,ITunes,iTunes Store,17,11.5965837713308052660466964034
692531139849,CAGOO2163741,QQMusic,Streaming,2,0.0028363820251936802545898320
628810534357,QM24S1820062,VKontakte,VKontakte,16203,2.0486762625155002235256118992
672985854369,CAENV2101722,QQMusic,Streaming,140,0.1071236506453366861021223679
672985007505,CALVP2020125,Xiami,Xiami,14,0.0127218624669149662414771994
628810742141,CAHQJ1951322,Kuwo,Streaming,42,0.0190734279312367407136214151
628810560806,QM24S1832184,Rhapsody,Streaming,3446,15.5204090668798452466572648292
628810561599,QM24S1916116,Deezer,Deezer,487,1.8756002073880347939007198737
672985183742,CACWV2018984,YouTube,Content ID,956,2.1181318670686891567947170718
628810742264,CAHQJ1951349,Saavn,Saavn,26,0.0360071769154429440712497840
628810561544,QM24S1920887,Anghami,Streaming,1,0.0001320527453071358608263104
672985183742,CACWV2018984,AWA,Awa,1,0.0105275530043489437080693337
628810560806,QM24S1832184,TikTok,Streaming,882,1.6651552821659585498590051703
628810629831,CAGOO1993534,Saavn,Saavn,78,0.1053027966128951374387592191
628810561599,QM24S1916116,YouTube,Streaming,3811,19.6293122070032464076708508035
628810534401,QM24S1831517,OK.ru,OK.ru,17,0.0004604119161697163404189423
672985261242,CACWV2063398,OK.ru,OK.ru,177,0.0304275742111818746151353233
672985974739,CAENV2176626,Resso,Streaming,106,0.1007831083565488922596625341
672985740426,CAHQJ2128297,YouTube,Content ID,71,0.1404391957260856498206732183
628810612284,CAGOO1984027,BOOM App UMA,BOOM App UMA,15747,17.6480354906596705182714408583
692531021106,CAGOO2100165,VKontakte,VKontakte,727,0.2273123459993503300834886371
628810742141,CAHQJ1951322,Saavn,Saavn,70,0.0937348816216468563438376101
672985702912,CAHQJ2106266,Anghami,Streaming,2,0.0011750592578083397014933429
672985705159,CAHQJ2107431,Spotify,Spotify,149403,424.4504745079204521393241847005
692531080790,CAGOO2132230,VKontakte,VKontakte,435,0.1384347656940537539224112644
672985974739,CAENV2176626,TikTok,Streaming,12,0.0247263620706557022750370105
692531139849,CAGOO2163741,Deezer,Deezer,34,0.1475532996017755241316916627
628810560813,QM24S1906868,YouTube,Content ID,1576,2.6673041781237904449784119971
672985954885,CAENV2164646,BOOM App UMA,BOOM App UMA,14,0.0177571772537158531048878604
628810477371,CAGOO1916989,BOOM App UMA,BOOM App UMA,61,0.0759966122912706406466238940
672985508989,CAGOO2015895,TikTok,Streaming,4,0.0066447519001500187678037935
672985183742,CACWV2018984,YouTube,Streaming,1110,6.6045398717223298865942916684
628810561513,QM24S1915972,YouTube,Streaming,767,5.1883196853888552480557876744
672985453845,CAENV2080948,AWA,Awa,97,0.9746388666522004893102553289
672985453845,CAENV2080948,Tidal,Tidal,20,0.0936313860887212555007433328
,CAGOO2074915,ITunes,iTunes Match,20,0.0071192770528708932342323190
672985705159,CAHQJ2107431,BOOM App UMA,BOOM App UMA,10009,13.3922646284490861481460943512
692531149893,CAGOO2169181,Yandex,Streaming,41,0.0538042522560248952705646190
672985559677,CAGOO2044001,Deezer,Deezer,365,0.8685010568515954527153515828
672985829381,CAHQJ2184062,Anghami,Streaming,6,0.0017535605766172581177246807
628810534333,QM24S1910617,GooglePlay,Google Play Download Store,2,1.0550786857539912960075073675
628810909476,CALVP1934369,GooglePlay,Google Play Download Store,2,1.4201936578658978549019111001
672985261242,CACWV2063398,MediaNet,Streaming,137,0.3015858000636028770515267106
692531149893,CAGOO2169181,YouTube,Streaming,21,0.1610527662888624676493792757
672985598324,CAGOO2068468,BOOM App UMA,BOOM App UMA,3865,4.8118460360772469530207579224
628810933068,CALVP1946334,OK.ru,OK.ru,1,0.0002548692125987515538448775
672985954885,CAHQJ2165143,YouTube,Content ID,19,0.0157455006471612714326747278
672985854369,CAENV2101722,YouTube,Streaming,586,4.2233442150820188153249979933
672985370258,CAENV2030178,Resso,Streaming,29,0.0263713078344621277119423768
,CAENV2037872,ITunes,iTunes Match,4,0.0029322351680774037375241103
672985007505,CALVP2020125,TDC Play Musik,Streaming,1,0.0058521743872840653929635051
672985974739,CAENV2176626,Yandex,Streaming,151,0.2603934044369543063494535026
672985702912,CAHQJ2106266,SoundtrackYourBrand,Streaming,1,0.0037741959906749548981345527
,CAENV2164647,ITunes,iTunes Match,1,0.0005947801321969777475505303
672985020382,CALVP2025588,GooglePlay,Google Play Music Streaming,734,3.9279007176045752138037270675
672985397491,CAENV2043858,Rhapsody,Streaming,69,0.3829354502023140547791819875
672985954885,CAENV2139579,TikTok,Streaming,1,0.0022310016095510432408171592
628810742141,CAHQJ1951322,OK.ru,OK.ru,101,0.0095523060079856433573564099
672985105386,CALVP2073121,Spotify,Spotify,150965,389.3992363953100135380336609580
628810560851,QM24S1826608,Amazon,Music Premium Service,326,4.6376849105837371210044483788
672985861015,CAENV2106588,Rhapsody,Streaming,2,0.0124586676479859360568638002
628810534401,QM24S1831517,Rhapsody,Streaming,13,0.0559939340835883877632205425
672985609693,CAGOO2074915,YouTube,Content ID,486,1.2990926447755643267402983530
672985929517,CAENV2149514,TikTok,Streaming,11,0.0240791099560632416191068841
628810846559,CALVP1903197,TDC Play Musik,Streaming,55,0.3232526465395016097538814487
672985850156,CAHQJ2197917,TDC Play Musik,Streaming,1,0.0061580254917159563264548066
628810842995,CALVP1902123,IHeartRadio,IHeartRadio,8,0.1206292859839578138874145000
672985382947,CAENV2037872,QQMusic,Streaming,31,0.0242904710993636291023438638
692531080790,CAGOO2132230,OK.ru,OK.ru,9,0.0029290199356658064423717363
672985631182,USLZJ1888276,Saavn,Saavn,81392,110.3848132242626790635044279321
672985382947,CAENV2037872,Tidal,Tidal,30,0.1896729143707578870678652515
628810742264,CAHQJ1951349,Line,Streaming,100,0.4044667240835717358851732293
628810534333,QM24S1910617,TikTok,Streaming,51,0.0943594171238024582457238741
672985370258,CAENV2030178,YouTube,Content ID,393,1.1705589129023719125890395532
672985609693,CAGOO2074915,OK.ru,OK.ru,4,0.0008055528020330692763678241
,CALVP2020125,ITunes,iTunes Match,67,0.0361845934072504995006601085
672985491366,CAGOO2006319,Netease,Netease,148289,92.1524264284422516507021902047
628810560813,QM24S1906868,Boomplay,Streaming,2,0.0005917889933225569099591533
672985105386,CALVP2073121,Xiami,Xiami,89,0.0151736182932653679159005069
672985545014,CAGOO2036067,TikTok,Streaming,1,0.0019309215712393979399324567
692531149893,CAGOO2169181,VKontakte,VKontakte,22,0.0067985779566274352013484040
672985850156,CAHQJ2197917,OK.ru,OK.ru,2,0.0006180167169416141294747884
628810965274,CALVP2002252,Pandora,Pandora,102,0.4989898849993873612759858077
,CAGOO2169181,ITunes,Apple Music,727,4.2930729243486317689462101119
672985453845,CAENV2080948,Amazon,Music Premium Service,54,0.3503242304457619293610441334
,CAHQJ2117718,ITunes,iTunes Match,177,0.0508111512486709930479132018
692531033765,CAGOO2106771,Amazon,Digital Music Store,1,0.7058670599184172388726577367
628810477371,CAGOO1916989,Kuwo,Streaming,7,0.0009756090025001633016698059
672985861015,CAENV2106588,TikTok,Streaming,2,0.0045770536056693349251314421
672985722880,CAHQJ2117718,KKBox,Kkbox,29,0.1070549143375649803240109865
672985102477,CALVP2073075,Spotify,Spotify,133797,315.7076814246926587248374057812
628810742141,CAHQJ1951322,Line,Streaming,780,6.0029495957495461371226182541
672985770416,CAHQJ2147168,Kuwo,Streaming,8,0.0075686576308361274423455689
672985740426,CAHQJ2128297,Netease,Netease,1154,0.6587053529497379789778377623
,CAHQJ2106266,ITunes,iTunes Store,2,1.6719418839850417863027755577
672985477858,CAENV2095149,VKontakte,VKontakte,2201,0.1775999201552089844036579982
672985882980,CAENV2119873,TDC Play Musik,Streaming,10,0.0615361551971202992187138589
672985854369,CAENV2101722,Pandora,Pandora,1,0.0033764833172742109772793540
628810943173,CALVP1951456,OK.ru,OK.ru,1,0.0000072084241798312742825490
672985722880,CAHQJ2117718,TDC Play Musik,Streaming,111,0.6667736114948066172251535977
,CAGOO2100165,ITunes,Apple Music,529,3.3488349513584444261191779653
,CAGOO2091608,ITunes,iTunes Match,3,0.0015829621690658379963851528
628810561513,QM24S1915972,Line,Streaming,39,0.3349666416597200792756798160
692531064653,CAGOO2122549,Resso,Streaming,37,0.0396836541320178062594317043
,QM24S1904071,ITunes,Apple Music,897,4.9160227068647404880232281179
672985770416,CAHQJ2147168,Tidal,Tidal,122,0.7860683081996699340922271206
692531021106,CAGOO2100165,BOOM App UMA,BOOM App UMA,257,0.3416609909320063427888729255
672985477858,CAENV2095149,Saavn,Saavn,2,0.0043161112217911955932156128
628810699889,CAHQJ1930439,TDC Play Musik,Streaming,3,0.0208323975356494892529525369
672985102477,CALVP2073075,Netease,Netease,222,0.1353410340760330800994916558
628810534425,QM24S1825227,Deezer,Deezer,594,0.9893044244227669653277302386
672985882980,CAENV2119873,Spotify,Spotify,91381,239.2615065930409783583090966537
628810534333,QM24S1910617,SoundtrackYourBrand,Streaming,132,0.0637753513470973892351329216
628810842995,CALVP1902123,Xiami,Xiami,2,0.0002597768160506843508764773
692531089960,CAGOO2136880,Amazon,Music Premium Service,1,0.0020169992200689555058292892
672985261242,CACWV2063398,Spotify,Spotify,252030,558.3745999844859719385632475728
672985382008,CAENV2037366,YouTube,Content ID,312,0.7930613996786748847300869208
672985105386,CALVP2073121,TikTok,Streaming,4,0.0087360280083274436812408757
692531080790,CAGOO2132230,Tidal,Tidal,58,0.3634726796365705014509312161
,CALVP2053160,ITunes,iTunes Match,17,0.0026029118534786028124810259
628810943173,CALVP1951456,YouTube,Streaming,4651,32.4717415647104915171907805216
672985069411,CALVP2053160,Rhapsody,Streaming,64,0.3004490930324136705233289472
672985183742,CACWV2018984,Resso,Streaming,3,0.0012778560147841664613189121
628810561513,QM24S1915972,IMusica,Streaming,3,0.0307821122544104512029557631
628810612284,CAGOO1984027,YouTube,Streaming,26875,176.3432342241375397133245217562
672985383128,CAENV2038021,GooglePlay,Google Play Locker,26,0.0041852046728524426065938854
672985637429,CAGOO2091608,Anghami,Streaming,105,0.1243123666432331324263261216
692531089960,CAGOO2136880,Pandora,Pandora,9,0.0479566780589109887331959826
628810612284,CAGOO1984027,GooglePlay,Google Play Download Store,4,2.6600771437445632783801633358
672985598324,CAGOO2068468,Deezer,Deezer,276,0.8912526912622850146406564748
672985083943,CALVP2062669,Rhapsody,Streaming,31,0.1073044775700933436476126041
672985491366,CAGOO2006319,QQMusic,Streaming,2374,1.8016708571095050477114289635
672985069411,CALVP2053160,Boomplay,Streaming,1,0.0002955817517213288493517675
628810909476,CALVP1934369,YouTube,Streaming,10623,75.0617878504576059589391966068
628810846559,CALVP1903197,Netease,Netease,289012,191.5613574793814782804989396586
,CAHQJ2106266,ITunes,Apple Music,1737,10.8759462831925963652336486644
628810943173,CALVP1951456,Amazon,Digital Music Store,3,2.1153324935664887671142294109
628810742264,CAHQJ1951349,Boomplay,Streaming,27,0.0105846586635695897563932845
672985954885,CAENV2164647,BOOM App UMA,BOOM App UMA,8,0.0112735919977473567816043668
628810560813,QM24S1906868,Rhapsody,Streaming,4,0.0197008615793617916262492108
628810699889,CAHQJ1930439,Spotify,Spotify,200635,574.9344830047120081025868776615
672985954885,CAENV2139579,Spotify,Spotify,776,1.2330926801373982909510604448
672985770416,CAHQJ2147168,Deezer,Deezer,747,2.6681576111268271230605079165
672985598324,CAGOO2068468,VKontakte,VKontakte,11987,2.9894619802758754749554046351
692531193681,CAGOO2193164,YouTube,Content ID,6,0.0292795467818855176964041662
692531080790,CAGOO2132230,Netease,Netease,18,0.0078602181694916824646342590
628810909476,CALVP1934369,Tidal,Tidal,926,5.7979011722714485309944451056
692531089960,CAGOO2136880,Tidal,Tidal,2,0.0142256813255388098840255842
628810528974,CAGOO1942139,Kuwo,Streaming,3774,1.4864849170457069540143062375
672985954885,CAENV2164646,Deezer,Deezer,34,0.0499585896863100123812401999
628810560813,QM24S1906868,BOOM App UMA,BOOM App UMA,3844,4.7694819891622894425887063525
672985850156,CAHQJ2197917,Netease,Netease,33,0.0201992101938463761976081920
672985609693,CAGOO2074915,Pandora,Pandora,3,0.0103424618255720279134974524
628810560875,QM24S1904071,YouTube,Content ID,32,0.0493584935674818972674172705
692531033765,CAGOO2106771,Spotify,Spotify,104178,306.3141516658801537549839309386
,CAHQJ2107431,ITunes,Apple Music,7028,23.8450672302664876108928657861
672985007505,CALVP2020125,Deezer,Deezer,1361,4.2877828726962923861859875028
672985829381,CAHQJ2184062,TikTok,Streaming,34,0.0770385237830174908161072014
672985781016,CAHQJ2153230,Amazon,Digital Music Store,1,0.7129235837442276102880094875
,QM24S1915972,ITunes,iTunes Match,2,0.0005304279927646277379507580
672985609693,CAGOO2074915,Deezer,Deezer,772,3.0571238802383644251647788159
628810534401,QM24S1831517,YouTube,Content ID,73,0.1306716774138772520843907483
672985069411,CALVP2053160,QQMusic,Streaming,389,0.2360213090246056747399737206
672985974739,CAENV2176626,Saavn,Saavn,6,0.0090362162029057006310718438
672985183742,CACWV2018984,GooglePlay,Google Play Music Streaming,230,1.0046843299684616220018904728
672985105386,CALVP2073121,Pandora,Pandora,8,0.0279070873811082069785275123
628810534333,QM24S1910617,Anghami,Streaming,143,0.1489576939565427965726265145
